rank	motif_DB	motif_ID	motif_alt_ID	consensus	p-value	adj_p-value	E-value	tests	FASTA_max	pos	neg	PWM_min	TP	%TP	FP	%FP
1	/data/program/meme-5.0.5/database/motif_databases/JASPAR/JASPAR2018_CORE_vertebrates_non-redundant.meme	MA1137.1	FOSL1::JUNB	NDRTGACTCATNN	2.15e-1503	2.63e-1499	1.52e-1496	12232	13346	13346	13346	1.74	8004	59.97	1675	12.55
2	/data/program/meme-5.0.5/database/motif_databases/JASPAR/JASPAR2018_CORE_vertebrates_non-redundant.meme	MA1128.1	FOSL1::JUN	NKATGACTCATNN	5.28e-1475	5.32e-1471	3.08e-1468	10077	13346	13346	13346	1.05	8161	61.15	1836	13.76
3	/data/program/meme-5.0.5/database/motif_databases/JASPAR/JASPAR2018_CORE_vertebrates_non-redundant.meme	MA0099.3	FOS::JUN	ATGAGTCAYM	4.58e-1469	4.82e-1465	2.79e-1462	10508	13346	13346	13346	1.09	8338	62.48	1978	14.82
4	/data/program/meme-5.0.5/database/motif_databases/JASPAR/JASPAR2018_CORE_vertebrates_non-redundant.meme	MA1135.1	FOSB::JUNB	KRTGASTCAT	6.78e-1460	6.49e-1456	3.76e-1453	9575	13346	13346	13346	1.09	7838	58.73	1632	12.23
5	/data/program/meme-5.0.5/database/motif_databases/JASPAR/JASPAR2018_CORE_vertebrates_non-redundant.meme	MA1130.1	FOSL2::JUN	NNRTGAGTCAYN	2.43e-1459	2.51e-1455	1.45e-1452	10335	13346	13346	13346	1.24	8056	60.36	1787	13.39
6	/data/program/meme-5.0.5/database/motif_databases/JASPAR/JASPAR2018_CORE_vertebrates_non-redundant.meme	MA1138.1	FOSL2::JUNB	KRTGASTCAT	9.79e-1451	9.27e-1447	5.36e-1444	9463	13346	13346	13346	1.02	7823	58.62	1637	12.27
7	/data/program/meme-5.0.5/database/motif_databases/JASPAR/JASPAR2018_CORE_vertebrates_non-redundant.meme	MA1141.1	FOS::JUND	NKATGAGTCATNN	4.77e-1440	4.41e-1436	2.56e-1433	9261	13346	13346	13346	1.03	7692	57.64	1565	11.73
8	/data/program/meme-5.0.5/database/motif_databases/JASPAR/JASPAR2018_CORE_vertebrates_non-redundant.meme	MA1142.1	FOSL1::JUND	NRTGACTCAT	5.74e-1438	8.05e-1434	4.66e-1431	14009	13346	13346	13346	2.13	7469	55.96	1420	10.64
9	/data/program/meme-5.0.5/database/motif_databases/JASPAR/JASPAR2018_CORE_vertebrates_non-redundant.meme	MA1144.1	FOSL2::JUND	KATGACTCAT	1.92e-1425	1.80e-1421	1.04e-1418	9402	13346	13346	13346	1.12	7665	57.43	1571	11.77
10	/data/program/meme-5.0.5/database/motif_databases/JASPAR/JASPAR2018_CORE_vertebrates_non-redundant.meme	MA1134.1	FOS::JUNB	KATGASTCATHN	2.67e-1424	2.39e-1420	1.38e-1417	8930	13346	13346	13346	1.14	7361	55.16	1372	10.28
11	/data/program/meme-5.0.5/database/motif_databases/JASPAR/JASPAR2018_CORE_vertebrates_non-redundant.meme	MA0490.1	JUNB	NRRTGASTCAK	7.66e-1374	6.53e-1370	3.78e-1367	8527	13346	13346	13346	1.02	7186	53.84	1341	10.05
12	/data/program/meme-5.0.5/database/motif_databases/JASPAR/JASPAR2018_CORE_vertebrates_non-redundant.meme	MA0489.1	JUN(var.2)	RRRRRRTGASTCAT	4.62e-1361	4.09e-1357	2.37e-1354	8848	13346	13346	13346	1.03	7367	55.20	1479	11.08
13	/data/program/meme-5.0.5/database/motif_databases/JASPAR/JASPAR2018_CORE_vertebrates_non-redundant.meme	MA0476.1	FOS	DVTGASTCATB	4.45e-1318	3.96e-1314	2.29e-1311	8891	13346	13346	13346	1.17	7230	54.17	1461	10.95
14	/data/program/meme-5.0.5/database/motif_databases/JASPAR/JASPAR2018_CORE_vertebrates_non-redundant.meme	MA0478.1	FOSL2	KRRTGASTCAB	7.37e-1218	5.89e-1214	3.41e-1211	7992	13346	13346	13346	1.04	6666	49.95	1270	9.52
15	/data/program/meme-5.0.5/database/motif_databases/JASPAR/JASPAR2018_CORE_vertebrates_non-redundant.meme	MA0491.1	JUND	DRTGASTCATS	1.58e-1209	1.10e-1205	6.36e-1203	6945	13346	13346	13346	1.03	6023	45.13	910	6.82
16	/data/program/meme-5.0.5/database/motif_databases/JASPAR/JASPAR2018_CORE_vertebrates_non-redundant.meme	MA1132.1	JUN::JUNB	KATGACKCAT	6.67e-1189	7.21e-1185	4.17e-1182	10806	13346	13346	13346	1.42	7336	54.97	1763	13.21
17	/data/program/meme-5.0.5/database/motif_databases/JASPAR/JASPAR2018_CORE_vertebrates_non-redundant.meme	MA0477.1	FOSL1	RRTGASTCAKV	6.44e-1176	4.90e-1172	2.84e-1169	7616	13346	13346	13346	1.03	6421	48.11	1190	8.92
18	/data/program/meme-5.0.5/database/motif_databases/JASPAR/JASPAR2018_CORE_vertebrates_non-redundant.meme	MA0655.1	JDP2	ATGACTCAT	1.49e-819	7.86e-816	4.55e-813	5263	13346	13346	13346	1.02	4539	34.01	724	5.42
19	/data/program/meme-5.0.5/database/motif_databases/JASPAR/JASPAR2018_CORE_vertebrates_non-redundant.meme	MA0462.1	BATF::JUN	RRWATGASTCA	1.58e-803	1.29e-799	7.45e-797	8117	13346	13346	13346	1.02	6293	47.15	1824	13.67
20	/data/program/meme-5.0.5/database/motif_databases/JASPAR/JASPAR2018_CORE_vertebrates_non-redundant.meme	MA1101.1	BACH2	NMTGACTCAGCANH	4.33e-669	3.21e-665	1.86e-662	7412	13346	13346	13346	1.06	5661	42.42	1698	12.72
21	/data/program/meme-5.0.5/database/motif_databases/JASPAR/JASPAR2018_CORE_vertebrates_non-redundant.meme	MA0841.1	NFE2	VATGACTCATS	8.63e-359	1.81e-355	1.05e-352	2100	13346	13346	13346	1.03	1886	14.13	214	1.60
22	/data/program/meme-5.0.5/database/motif_databases/JASPAR/JASPAR2018_CORE_vertebrates_non-redundant.meme	MA0136.2	ELF5	AMSMGGAAGTD	3.42e-337	2.90e-333	1.68e-330	8483	13346	13346	13346	1.02	5723	42.88	2760	20.68
23	/data/program/meme-5.0.5/database/motif_databases/JASPAR/JASPAR2018_CORE_vertebrates_non-redundant.meme	MA0528.1	ZNF263	GGAGGAGGRRGRGGRGGRRGR	8.72e-316	8.35e-312	4.83e-309	9576	13346	13346	13346	1.44	5912	44.30	3005	22.52
24	/data/program/meme-5.0.5/database/motif_databases/JASPAR/JASPAR2018_CORE_vertebrates_non-redundant.meme	MA0150.2	Nfe2l2	CASNATGACTCAGCA	2.22e-282	1.00e-278	5.81e-276	4526	13346	13346	13346	1.06	3340	25.03	1178	8.83
25	/data/program/meme-5.0.5/database/motif_databases/JASPAR/JASPAR2018_CORE_vertebrates_non-redundant.meme	MA0599.1	KLF5	GCCCCDCCCH	9.21e-282	8.90e-278	5.15e-275	9667	13346	13346	13346	1.92	5316	39.83	2654	19.89
26	/data/program/meme-5.0.5/database/motif_databases/JASPAR/JASPAR2018_CORE_vertebrates_non-redundant.meme	MA0501.1	MAF::NFE2	ATGACTCAGCANWTY	5.72e-272	1.81e-268	1.05e-265	3168	13346	13346	13346	1.07	2490	18.66	678	5.08
27	/data/program/meme-5.0.5/database/motif_databases/JASPAR/JASPAR2018_CORE_vertebrates_non-redundant.meme	MA1107.1	KLF9	VSCCACACCCACH	2.15e-244	1.67e-240	9.70e-238	7786	13346	13346	13346	1.13	4944	37.04	2514	18.84
28	/data/program/meme-5.0.5/database/motif_databases/JASPAR/JASPAR2018_CORE_vertebrates_non-redundant.meme	MA0516.1	SP2	GYCCCGCCYCYBSSS	2.81e-230	2.20e-226	1.27e-223	7807	13346	13346	13346	1.45	4581	34.32	2285	17.12
29	/data/program/meme-5.0.5/database/motif_databases/JASPAR/JASPAR2018_CORE_vertebrates_non-redundant.meme	MA0076.2	ELK4	BCRCTTCCGGB	4.29e-227	1.96e-223	1.13e-220	4564	13346	13346	13346	1.02	3258	24.41	1306	9.79
30	/data/program/meme-5.0.5/database/motif_databases/JASPAR/JASPAR2018_CORE_vertebrates_non-redundant.meme	MA0050.2	IRF1	NTTYASTTTCACTTTCDBTTT	7.87e-225	2.88e-221	1.67e-218	3662	13346	13346	13346	1.22	2662	19.95	914	6.85
31	/data/program/meme-5.0.5/database/motif_databases/JASPAR/JASPAR2018_CORE_vertebrates_non-redundant.meme	MA0493.1	Klf1	RRCCACACCCW	1.83e-216	1.33e-212	7.68e-210	7234	13346	13346	13346	1.43	4287	32.12	2114	15.84
32	/data/program/meme-5.0.5/database/motif_databases/JASPAR/JASPAR2018_CORE_vertebrates_non-redundant.meme	MA1125.1	ZNF384	DNWMAAAAAAAA	1.79e-215	1.07e-211	6.18e-209	5963	13346	13346	13346	120	898	6.73	43	0.32
33	/data/program/meme-5.0.5/database/motif_databases/JASPAR/JASPAR2018_CORE_vertebrates_non-redundant.meme	MA0079.3	SP1	GCCCCKCCCCC	6.32e-213	5.51e-209	3.19e-206	8728	13346	13346	13346	1.27	5271	39.49	2936	22.00
34	/data/program/meme-5.0.5/database/motif_databases/JASPAR/JASPAR2018_CORE_vertebrates_non-redundant.meme	MA0098.3	ETS1	ACCGGAARTR	7.29e-207	2.84e-203	1.65e-200	3899	13346	13346	13346	1.02	2819	21.12	1076	8.06
35	/data/program/meme-5.0.5/database/motif_databases/JASPAR/JASPAR2018_CORE_vertebrates_non-redundant.meme	MA0861.1	TP73	DRCATGTCNNRACAYGYM	1.11e-202	2.26e-199	1.31e-196	2028	13346	13346	13346	1.27	1575	11.80	341	2.56
36	/data/program/meme-5.0.5/database/motif_databases/JASPAR/JASPAR2018_CORE_vertebrates_non-redundant.meme	MA1143.1	FOSL1::JUND(var.2)	RTGACGTMAY	2.48e-190	1.25e-186	7.26e-184	5066	13346	13346	13346	1.01	3464	25.96	1598	11.97
37	/data/program/meme-5.0.5/database/motif_databases/JASPAR/JASPAR2018_CORE_vertebrates_non-redundant.meme	MA0846.1	FOXC2	WAWGTAAACAWW	6.66e-186	4.71e-182	2.73e-179	7075	13346	13346	13346	1.49	3785	28.36	1861	13.94
38	/data/program/meme-5.0.5/database/motif_databases/JASPAR/JASPAR2018_CORE_vertebrates_non-redundant.meme	MA0474.2	ERG	ACCGGAARTV	2.76e-183	1.04e-179	6.00e-177	3764	13346	13346	13346	1.02	2684	20.11	1068	8.00
39	/data/program/meme-5.0.5/database/motif_databases/JASPAR/JASPAR2018_CORE_vertebrates_non-redundant.meme	MA0591.1	Bach1::Mafk	RSSATGACTCAGCAB	6.02e-183	1.37e-179	7.90e-177	2269	13346	13346	13346	1.07	1774	13.29	495	3.71
40	/data/program/meme-5.0.5/database/motif_databases/JASPAR/JASPAR2018_CORE_vertebrates_non-redundant.meme	MA0750.2	ZBTB7A	NVCCGGAAGTGSV	1.18e-182	6.61e-179	3.83e-176	5592	13346	13346	13346	1.02	3745	28.06	1845	13.82
41	/data/program/meme-5.0.5/database/motif_databases/JASPAR/JASPAR2018_CORE_vertebrates_non-redundant.meme	MA0041.1	Foxd3	GWWTGTTTDTTT	2.51e-182	1.50e-178	8.70e-176	5984	13346	13346	13346	1.44	3482	26.09	1646	12.33
42	/data/program/meme-5.0.5/database/motif_databases/JASPAR/JASPAR2018_CORE_vertebrates_non-redundant.meme	MA0746.1	SP3	VCCACGCCCMC	6.56e-181	6.91e-177	4.00e-174	10529	13346	13346	13346	2.59	3945	29.56	2009	15.05
43	/data/program/meme-5.0.5/database/motif_databases/JASPAR/JASPAR2018_CORE_vertebrates_non-redundant.meme	MA0039.3	KLF4	MCACACCCTNN	5.42e-169	4.56e-165	2.64e-162	8413	13346	13346	13346	1.13	4953	37.11	2900	21.73
44	/data/program/meme-5.0.5/database/motif_databases/JASPAR/JASPAR2018_CORE_vertebrates_non-redundant.meme	MA0645.1	ETV6	MSCGGAAGTR	3.62e-167	1.71e-163	9.93e-161	4740	13346	13346	13346	1.02	3214	24.08	1512	11.33
45	/data/program/meme-5.0.5/database/motif_databases/JASPAR/JASPAR2018_CORE_vertebrates_non-redundant.meme	MA0032.2	FOXC1	WAWGTAAAYAW	5.62e-166	3.42e-162	1.98e-159	6079	13346	13346	13346	1.16	3731	27.96	1913	14.33
46	/data/program/meme-5.0.5/database/motif_databases/JASPAR/JASPAR2018_CORE_vertebrates_non-redundant.meme	MA0847.1	FOXD2	GTAAACA	1.03e-158	9.11e-155	5.27e-152	8847	13346	13346	13346	1.3	4349	32.59	2449	18.35
47	/data/program/meme-5.0.5/database/motif_databases/JASPAR/JASPAR2018_CORE_vertebrates_non-redundant.meme	MA0106.3	TP53	RACATGYCCGGRCATGTY	9.40e-158	1.30e-154	7.52e-152	1381	13346	13346	13346	1.24	1133	8.49	216	1.62
48	/data/program/meme-5.0.5/database/motif_databases/JASPAR/JASPAR2018_CORE_vertebrates_non-redundant.meme	MA0081.1	SPIB	WGMGGAA	9.00e-154	1.21e-149	6.99e-147	13411	13346	13346	13346	1.52	6221	46.61	4125	30.91
49	/data/program/meme-5.0.5/database/motif_databases/JASPAR/JASPAR2018_CORE_vertebrates_non-redundant.meme	MA0033.2	FOXL1	RTAAACA	5.53e-139	3.69e-135	2.13e-132	6661	13346	13346	13346	1.32	3587	26.88	1937	14.51
50	/data/program/meme-5.0.5/database/motif_databases/JASPAR/JASPAR2018_CORE_vertebrates_non-redundant.meme	MA0067.1	Pax2	NGTCAYKB	2.49e-138	2.40e-134	1.39e-131	9637	13346	13346	13346	1.01	5783	43.33	3826	28.67
51	/data/program/meme-5.0.5/database/motif_databases/JASPAR/JASPAR2018_CORE_vertebrates_non-redundant.meme	MA0062.2	Gabpa	CCGGAAGTGVV	8.14e-136	2.47e-132	1.43e-129	3028	13346	13346	13346	1.02	2147	16.09	880	6.59
52	/data/program/meme-5.0.5/database/motif_databases/JASPAR/JASPAR2018_CORE_vertebrates_non-redundant.meme	MA0593.1	FOXP2	RWGTAAACAVR	5.03e-135	2.23e-131	1.29e-128	4427	13346	13346	13346	1.02	2955	22.14	1466	10.98
53	/data/program/meme-5.0.5/database/motif_databases/JASPAR/JASPAR2018_CORE_vertebrates_non-redundant.meme	MA0002.2	RUNX1	BBYTGTGGTTT	1.83e-132	2.16e-128	1.25e-125	11799	13346	13346	13346	1.75	4850	36.34	3032	22.72
54	/data/program/meme-5.0.5/database/motif_databases/JASPAR/JASPAR2018_CORE_vertebrates_non-redundant.meme	MA0517.1	STAT1::STAT2	THAGTTTCRKTTTCY	9.58e-132	3.31e-128	1.92e-125	3457	13346	13346	13346	1.06	2386	17.88	1063	7.96
55	/data/program/meme-5.0.5/database/motif_databases/JASPAR/JASPAR2018_CORE_vertebrates_non-redundant.meme	MA0156.2	FEV	ACCGGAAGTN	1.45e-131	4.39e-128	2.54e-125	3015	13346	13346	13346	1.02	2130	15.96	885	6.63
56	/data/program/meme-5.0.5/database/motif_databases/JASPAR/JASPAR2018_CORE_vertebrates_non-redundant.meme	MA1103.1	FOXK2	WDGTAAACANV	9.82e-132	5.41e-128	3.13e-125	5513	13346	13346	13346	1.01	3559	26.67	1954	14.64
57	/data/program/meme-5.0.5/database/motif_databases/JASPAR/JASPAR2018_CORE_vertebrates_non-redundant.meme	MA0851.1	Foxj3	NDAADGTAAACAAANNM	4.31e-130	1.91e-126	1.10e-123	4421	13346	13346	13346	1.04	2939	22.02	1478	11.07
58	/data/program/meme-5.0.5/database/motif_databases/JASPAR/JASPAR2018_CORE_vertebrates_non-redundant.meme	MA0764.1	ETV4	ACCGGAAGTR	1.06e-127	3.68e-124	2.13e-121	3485	13346	13346	13346	1.03	2377	17.81	1074	8.05
59	/data/program/meme-5.0.5/database/motif_databases/JASPAR/JASPAR2018_CORE_vertebrates_non-redundant.meme	MA0760.1	ERF	ACCGGAAGTR	2.52e-125	6.86e-122	3.97e-119	2720	13346	13346	13346	1.02	1938	14.52	779	5.84
60	/data/program/meme-5.0.5/database/motif_databases/JASPAR/JASPAR2018_CORE_vertebrates_non-redundant.meme	MA0845.1	FOXB1	WATGTAAATAT	2.10e-125	9.71e-122	5.62e-119	4631	13346	13346	13346	1.09	2941	22.04	1503	11.26
61	/data/program/meme-5.0.5/database/motif_databases/JASPAR/JASPAR2018_CORE_vertebrates_non-redundant.meme	MA0089.1	MAFG::NFE2L1	NATGAC	4.16e-123	5.08e-119	2.94e-116	12195	13346	13346	13346	1.05	6805	50.99	4897	36.69
62	/data/program/meme-5.0.5/database/motif_databases/JASPAR/JASPAR2018_CORE_vertebrates_non-redundant.meme	MA0598.2	EHF	WACCCGGAAGTA	8.91e-118	1.87e-114	1.08e-111	2095	13346	13346	13346	1.04	1543	11.56	549	4.11
63	/data/program/meme-5.0.5/database/motif_databases/JASPAR/JASPAR2018_CORE_vertebrates_non-redundant.meme	MA0850.1	FOXP3	RTAAACA	6.00e-109	5.37e-105	3.11e-102	8944	13346	13346	13346	1.3	4194	31.43	2621	19.64
64	/data/program/meme-5.0.5/database/motif_databases/JASPAR/JASPAR2018_CORE_vertebrates_non-redundant.meme	MA0762.1	ETV2	AACCGGAAATR	4.95e-108	9.90e-105	5.73e-102	2002	13346	13346	13346	1.03	1465	10.98	533	3.99
65	/data/program/meme-5.0.5/database/motif_databases/JASPAR/JASPAR2018_CORE_vertebrates_non-redundant.meme	MA0852.2	FOXK1	NRDGTAAACAAGNN	1.70e-107	9.12e-104	5.28e-101	5359	13346	13346	13346	1.02	3395	25.44	1962	14.70
66	/data/program/meme-5.0.5/database/motif_databases/JASPAR/JASPAR2018_CORE_vertebrates_non-redundant.meme	MA0481.2	FOXP1	NDGTAAACAGNN	1.06e-103	5.94e-100	3.44e-97	5593	13346	13346	13346	1.02	3510	26.30	2080	15.59
67	/data/program/meme-5.0.5/database/motif_databases/JASPAR/JASPAR2018_CORE_vertebrates_non-redundant.meme	MA0475.2	FLI1	ACCGGAARTR	3.84e-103	8.73e-100	5.06e-97	2276	13346	13346	13346	1.02	1622	12.15	653	4.89
68	/data/program/meme-5.0.5/database/motif_databases/JASPAR/JASPAR2018_CORE_vertebrates_non-redundant.meme	MA0761.1	ETV1	ACCGGAAGTD	1.84e-99	5.44e-96	3.15e-93	2959	13346	13346	13346	1.02	2016	15.11	942	7.06
69	/data/program/meme-5.0.5/database/motif_databases/JASPAR/JASPAR2018_CORE_vertebrates_non-redundant.meme	MA0687.1	SPIC	HAAAAGVGGAAGTA	1.13e-97	5.30e-94	3.07e-91	4702	13346	13346	13346	1.15	2846	21.32	1580	11.84
70	/data/program/meme-5.0.5/database/motif_databases/JASPAR/JASPAR2018_CORE_vertebrates_non-redundant.meme	MA0047.2	Foxa2	TGTTTACWYWGB	1.16e-94	5.75e-91	3.33e-88	4951	13346	13346	13346	1.07	3062	22.94	1771	13.27
71	/data/program/meme-5.0.5/database/motif_databases/JASPAR/JASPAR2018_CORE_vertebrates_non-redundant.meme	MA0148.3	FOXA1	YNBNTGTTTACWYWD	4.55e-93	2.19e-89	1.27e-86	4815	13346	13346	13346	1.03	3041	22.79	1764	13.22
72	/data/program/meme-5.0.5/database/motif_databases/JASPAR/JASPAR2018_CORE_vertebrates_non-redundant.meme	MA0471.1	E2F6	RGGCGGGARRV	1.18e-91	6.10e-88	3.53e-85	5186	13346	13346	13346	2.13	2585	19.37	1410	10.56
73	/data/program/meme-5.0.5/database/motif_databases/JASPAR/JASPAR2018_CORE_vertebrates_non-redundant.meme	MA0495.2	MAFF	DWWTTGCTGAGTCAGCAAWWW	9.90e-90	3.44e-86	1.99e-83	3473	13346	13346	13346	1.18	2276	17.05	1183	8.86
74	/data/program/meme-5.0.5/database/motif_databases/JASPAR/JASPAR2018_CORE_vertebrates_non-redundant.meme	MA0742.1	Klf12	GRCCACGCCCWHHWH	3.93e-89	8.24e-86	4.77e-83	2099	13346	13346	13346	1.1	1454	10.89	596	4.47
75	/data/program/meme-5.0.5/database/motif_databases/JASPAR/JASPAR2018_CORE_vertebrates_non-redundant.meme	MA0606.1	NFAT5	NTTTTCCAYN	3.67e-89	4.00e-85	2.32e-82	10887	13346	13346	13346	1.03	6173	46.25	4573	34.26
76	/data/program/meme-5.0.5/database/motif_databases/JASPAR/JASPAR2018_CORE_vertebrates_non-redundant.meme	MA0684.1	RUNX3	WAACCRCAAA	8.83e-89	4.10e-85	2.37e-82	4638	13346	13346	13346	1.07	2860	21.43	1645	12.33
77	/data/program/meme-5.0.5/database/motif_databases/JASPAR/JASPAR2018_CORE_vertebrates_non-redundant.meme	MA0259.1	ARNT::HIF1A	VBACGTGC	3.64e-85	1.06e-81	6.16e-79	2920	13346	13346	13346	1.01	1951	14.62	964	7.22
78	/data/program/meme-5.0.5/database/motif_databases/JASPAR/JASPAR2018_CORE_vertebrates_non-redundant.meme	MA0497.1	MEF2C	DDDCYAAAAATAGMW	1.68e-83	6.82e-80	3.95e-77	4051	13346	13346	13346	1.33	2248	16.84	1196	8.96
79	/data/program/meme-5.0.5/database/motif_databases/JASPAR/JASPAR2018_CORE_vertebrates_non-redundant.meme	MA0511.2	RUNX2	WAACCGCAA	4.55e-81	1.95e-77	1.13e-74	4287	13346	13346	13346	1.02	2707	20.28	1571	11.77
80	/data/program/meme-5.0.5/database/motif_databases/JASPAR/JASPAR2018_CORE_vertebrates_non-redundant.meme	MA0152.1	NFATC2	TTTTCCA	7.14e-80	8.91e-76	5.16e-73	12481	13346	13346	13346	1.37	5720	42.86	4229	31.69
81	/data/program/meme-5.0.5/database/motif_databases/JASPAR/JASPAR2018_CORE_vertebrates_non-redundant.meme	MA0042.2	FOXI1	GTAAACA	8.58e-79	4.34e-75	2.51e-72	5064	13346	13346	13346	1.24	2742	20.55	1614	12.09
82	/data/program/meme-5.0.5/database/motif_databases/JASPAR/JASPAR2018_CORE_vertebrates_non-redundant.meme	MA0848.1	FOXO4	GTAAACA	9.10e-79	5.93e-75	3.44e-72	6518	13346	13346	13346	1.03	3887	29.12	2577	19.31
83	/data/program/meme-5.0.5/database/motif_databases/JASPAR/JASPAR2018_CORE_vertebrates_non-redundant.meme	MA0480.1	Foxo1	TSYTGTTTACH	7.99e-78	4.85e-74	2.81e-71	6075	13346	13346	13346	1.06	3618	27.11	2352	17.62
84	/data/program/meme-5.0.5/database/motif_databases/JASPAR/JASPAR2018_CORE_vertebrates_non-redundant.meme	MA1099.1	Hes1	SVCACGYGHN	1.44e-77	4.94e-74	2.86e-71	3433	13346	13346	13346	1.03	2127	15.94	1137	8.52
85	/data/program/meme-5.0.5/database/motif_databases/JASPAR/JASPAR2018_CORE_vertebrates_non-redundant.meme	MA0613.1	FOXG1	RTAAACAW	6.11e-75	1.62e-71	9.38e-69	2652	13346	13346	13346	1.61	1767	13.24	881	6.60
86	/data/program/meme-5.0.5/database/motif_databases/JASPAR/JASPAR2018_CORE_vertebrates_non-redundant.meme	MA0759.1	ELK3	ACCGGAAGTD	1.49e-74	3.53e-71	2.04e-68	2365	13346	13346	13346	1.02	1602	12.00	763	5.72
87	/data/program/meme-5.0.5/database/motif_databases/JASPAR/JASPAR2018_CORE_vertebrates_non-redundant.meme	MA0747.1	SP8	RCCACGCCCMCY	1.98e-73	1.53e-69	8.87e-67	7740	13346	13346	13346	1.03	4536	33.99	3197	23.95
88	/data/program/meme-5.0.5/database/motif_databases/JASPAR/JASPAR2018_CORE_vertebrates_non-redundant.meme	MA0765.1	ETV5	ACCGGAWGYN	7.58e-72	2.43e-68	1.41e-65	3205	13346	13346	13346	1.01	2072	15.53	1128	8.45
89	/data/program/meme-5.0.5/database/motif_databases/JASPAR/JASPAR2018_CORE_vertebrates_non-redundant.meme	MA1126.1	FOS::JUN(var.2)	DRTGACGTCATHNDTN	2.68e-71	9.49e-68	5.50e-65	3540	13346	13346	13346	1.1	2144	16.06	1187	8.89
90	/data/program/meme-5.0.5/database/motif_databases/JASPAR/JASPAR2018_CORE_vertebrates_non-redundant.meme	MA0073.1	RREB1	CCCCMAAMCAMCCMCMMMCV	2.17e-69	3.18e-66	1.84e-63	1466	13346	13346	13346	1.19	1054	7.90	410	3.07
91	/data/program/meme-5.0.5/database/motif_databases/JASPAR/JASPAR2018_CORE_vertebrates_non-redundant.meme	MA1129.1	FOSL1::JUN(var.2)	ATGACGTCAT	6.73e-69	1.80e-65	1.04e-62	2677	13346	13346	13346	1.02	1760	13.19	908	6.80
92	/data/program/meme-5.0.5/database/motif_databases/JASPAR/JASPAR2018_CORE_vertebrates_non-redundant.meme	MA0496.2	MAFK	WWWTGCTGASTCAGCAWWW	2.55e-68	7.76e-65	4.49e-62	3043	13346	13346	13346	1.17	1929	14.45	1039	7.79
93	/data/program/meme-5.0.5/database/motif_databases/JASPAR/JASPAR2018_CORE_vertebrates_non-redundant.meme	MA0601.1	Arid3b	ATATTAATWAN	1.12e-67	6.31e-64	3.65e-61	5644	13346	13346	13346	1.04	3352	25.12	2204	16.51
94	/data/program/meme-5.0.5/database/motif_databases/JASPAR/JASPAR2018_CORE_vertebrates_non-redundant.meme	MA1140.1	JUNB(var.2)	RTGACGTCAY	3.18e-67	1.00e-63	5.81e-61	3161	13346	13346	13346	1.18	1757	13.16	915	6.86
95	/data/program/meme-5.0.5/database/motif_databases/JASPAR/JASPAR2018_CORE_vertebrates_non-redundant.meme	MA0640.1	ELF3	WACCCGGAAGTAR	9.59e-67	1.01e-63	5.84e-61	1051	13346	13346	13346	1.08	784	5.87	252	1.89
96	/data/program/meme-5.0.5/database/motif_databases/JASPAR/JASPAR2018_CORE_vertebrates_non-redundant.meme	MA0614.1	Foxj2	RTAAACAA	2.00e-65	1.22e-61	7.06e-59	6104	13346	13346	13346	1.27	3222	24.14	2111	15.82
97	/data/program/meme-5.0.5/database/motif_databases/JASPAR/JASPAR2018_CORE_vertebrates_non-redundant.meme	MA0473.2	ELF1	AACCCGGAAGTR	3.42e-64	3.78e-61	2.19e-58	1107	13346	13346	13346	1.2	762	5.71	247	1.85
98	/data/program/meme-5.0.5/database/motif_databases/JASPAR/JASPAR2018_CORE_vertebrates_non-redundant.meme	MA0052.3	MEF2A	KCTAWAAATAGM	1.81e-63	1.95e-60	1.13e-57	1076	13346	13346	13346	1.09	780	5.84	260	1.95
99	/data/program/meme-5.0.5/database/motif_databases/JASPAR/JASPAR2018_CORE_vertebrates_non-redundant.meme	MA1139.1	FOSL2::JUNB(var.2)	DATGACGTCATH	1.90e-63	3.09e-60	1.79e-57	1621	13346	13346	13346	1.03	1134	8.50	487	3.65
100	/data/program/meme-5.0.5/database/motif_databases/JASPAR/JASPAR2018_CORE_vertebrates_non-redundant.meme	MA0030.1	FOXF2	BNAASGTAAACAAD	5.19e-63	1.08e-59	6.28e-57	2088	13346	13346	13346	1.14	1368	10.25	652	4.89
101	/data/program/meme-5.0.5/database/motif_databases/JASPAR/JASPAR2018_CORE_vertebrates_non-redundant.meme	MA0641.1	ELF4	AACCCGGAAGTR	2.39e-62	2.94e-59	1.70e-56	1231	13346	13346	13346	1.04	894	6.70	334	2.50
102	/data/program/meme-5.0.5/database/motif_databases/JASPAR/JASPAR2018_CORE_vertebrates_non-redundant.meme	MA0146.2	Zfx	SSSGCCBVGGCCTS	9.73e-63	6.08e-59	3.52e-56	6248	13346	13346	13346	7.93	1556	11.66	790	5.92
103	/data/program/meme-5.0.5/database/motif_databases/JASPAR/JASPAR2018_CORE_vertebrates_non-redundant.meme	MA0913.1	Hoxd9	GYAATWAAAW	1.38e-62	9.46e-59	5.48e-56	6839	13346	13346	13346	1.02	3971	29.75	2789	20.90
104	/data/program/meme-5.0.5/database/motif_databases/JASPAR/JASPAR2018_CORE_vertebrates_non-redundant.meme	MA1116.1	RBPJ	BVTGGGAANN	2.86e-62	2.56e-58	1.48e-55	8960	13346	13346	13346	4.96	2748	20.59	1736	13.01
105	/data/program/meme-5.0.5/database/motif_databases/JASPAR/JASPAR2018_CORE_vertebrates_non-redundant.meme	MA1136.1	FOSB::JUNB(var.2)	RTGACGTCAT	1.26e-61	2.93e-58	1.70e-55	2326	13346	13346	13346	1.06	1499	11.23	754	5.65
106	/data/program/meme-5.0.5/database/motif_databases/JASPAR/JASPAR2018_CORE_vertebrates_non-redundant.meme	MA0741.1	KLF16	GMCACGCCCCC	2.14e-60	1.44e-56	8.32e-54	6709	13346	13346	13346	1.03	3919	29.36	2763	20.70
107	/data/program/meme-5.0.5/database/motif_databases/JASPAR/JASPAR2018_CORE_vertebrates_non-redundant.meme	MA0791.1	POU4F3	RTGMATWATTAATGAR	6.06e-60	1.84e-56	1.07e-53	3044	13346	13346	13346	1.06	1934	14.49	1094	8.20
108	/data/program/meme-5.0.5/database/motif_databases/JASPAR/JASPAR2018_CORE_vertebrates_non-redundant.meme	MA1127.1	FOSB::JUN	GATGACGTCAT	1.02e-59	2.06e-56	1.19e-53	2020	13346	13346	13346	1.04	1352	10.13	657	4.92
109	/data/program/meme-5.0.5/database/motif_databases/JASPAR/JASPAR2018_CORE_vertebrates_non-redundant.meme	MA1133.1	JUN::JUNB(var.2)	KRTGACGTCATN	1.14e-59	3.01e-56	1.74e-53	2650	13346	13346	13346	1.09	1623	12.16	857	6.42
110	/data/program/meme-5.0.5/database/motif_databases/JASPAR/JASPAR2018_CORE_vertebrates_non-redundant.meme	MA1131.1	FOSL2::JUN(var.2)	GRTGACGTMAT	2.97e-59	6.33e-56	3.66e-53	2134	13346	13346	13346	1.03	1419	10.63	708	5.30
111	/data/program/meme-5.0.5/database/motif_databases/JASPAR/JASPAR2018_CORE_vertebrates_non-redundant.meme	MA0514.1	Sox3	CCTTTGTYYY	8.87e-60	6.93e-56	4.01e-53	7815	13346	13346	13346	1.31	4136	30.99	2963	22.20
112	/data/program/meme-5.0.5/database/motif_databases/JASPAR/JASPAR2018_CORE_vertebrates_non-redundant.meme	MA1121.1	TEAD2	NYACATTCCWNNS	1.41e-59	8.95e-56	5.18e-53	6334	13346	13346	13346	1.03	3704	27.75	2580	19.33
113	/data/program/meme-5.0.5/database/motif_databases/JASPAR/JASPAR2018_CORE_vertebrates_non-redundant.meme	MA0004.1	Arnt	CACGTG	2.12e-58	3.98e-55	2.31e-52	1880	13346	13346	13346	1.01	1273	9.54	607	4.55
114	/data/program/meme-5.0.5/database/motif_databases/JASPAR/JASPAR2018_CORE_vertebrates_non-redundant.meme	MA0790.1	POU4F1	ATGMATAATTAATG	2.23e-58	7.74e-55	4.48e-52	3470	13346	13346	13346	1.1	2102	15.75	1237	9.27
115	/data/program/meme-5.0.5/database/motif_databases/JASPAR/JASPAR2018_CORE_vertebrates_non-redundant.meme	MA0488.1	JUN	DDRATGATGTCAT	3.01e-58	7.88e-55	4.56e-52	2619	13346	13346	13346	1.47	1481	11.10	759	5.69
116	/data/program/meme-5.0.5/database/motif_databases/JASPAR/JASPAR2018_CORE_vertebrates_non-redundant.meme	MA1145.1	FOSL2::JUND(var.2)	NNRTGACGTCAYHSN	3.59e-56	7.10e-53	4.11e-50	1976	13346	13346	13346	1.4	1097	8.22	494	3.70
117	/data/program/meme-5.0.5/database/motif_databases/JASPAR/JASPAR2018_CORE_vertebrates_non-redundant.meme	MA0018.3	CREB1	NVTGACGTCABN	1.03e-55	3.43e-52	1.98e-49	3310	13346	13346	13346	1.15	1942	14.55	1128	8.45
118	/data/program/meme-5.0.5/database/motif_databases/JASPAR/JASPAR2018_CORE_vertebrates_non-redundant.meme	MA1152.1	SOX15	CYWTTGTTHW	8.47e-56	9.50e-52	5.50e-49	11224	13346	13346	13346	2.25	3404	25.51	2351	17.62
119	/data/program/meme-5.0.5/database/motif_databases/JASPAR/JASPAR2018_CORE_vertebrates_non-redundant.meme	MA0031.1	FOXD1	GTAAACAW	3.52e-55	1.71e-51	9.92e-49	4869	13346	13346	13346	1.02	2908	21.79	1928	14.45
120	/data/program/meme-5.0.5/database/motif_databases/JASPAR/JASPAR2018_CORE_vertebrates_non-redundant.meme	MA0825.1	MNT	RVCACGTGMH	1.87e-54	2.83e-51	1.64e-48	1513	13346	13346	13346	1.05	1029	7.71	455	3.41
121	/data/program/meme-5.0.5/database/motif_databases/JASPAR/JASPAR2018_CORE_vertebrates_non-redundant.meme	MA0604.1	Atf1	RTGACGTA	2.91e-54	4.78e-51	2.77e-48	1643	13346	13346	13346	1.35	954	7.15	405	3.03
122	/data/program/meme-5.0.5/database/motif_databases/JASPAR/JASPAR2018_CORE_vertebrates_non-redundant.meme	MA0624.1	NFATC1	WWTTTCCRHN	6.12e-55	6.45e-51	3.73e-48	10546	13346	13346	13346	1.04	5748	43.07	4511	33.80
123	/data/program/meme-5.0.5/database/motif_databases/JASPAR/JASPAR2018_CORE_vertebrates_non-redundant.meme	MA0058.3	MAX	AVCACGTGNY	5.59e-53	1.09e-49	6.30e-47	1948	13346	13346	13346	2.53	860	6.44	348	2.61
124	/data/program/meme-5.0.5/database/motif_databases/JASPAR/JASPAR2018_CORE_vertebrates_non-redundant.meme	MA0823.1	HEY1	GRCACGTGCC	2.86e-52	3.42e-49	1.98e-46	1195	13346	13346	13346	1.02	848	6.35	343	2.57
125	/data/program/meme-5.0.5/database/motif_databases/JASPAR/JASPAR2018_CORE_vertebrates_non-redundant.meme	MA0603.1	Arntl	NGTCACGTGH	3.15e-52	6.14e-49	3.55e-46	1948	13346	13346	13346	1.12	1189	8.91	578	4.33
126	/data/program/meme-5.0.5/database/motif_databases/JASPAR/JASPAR2018_CORE_vertebrates_non-redundant.meme	MA0625.1	NFATC3	WTTTTCCRYH	1.72e-52	1.61e-48	9.32e-46	9348	13346	13346	13346	1.01	5256	39.38	4072	30.51
127	/data/program/meme-5.0.5/database/motif_databases/JASPAR/JASPAR2018_CORE_vertebrates_non-redundant.meme	MA0525.2	TP63	RACATGTYGKGACATGTC	8.59e-51	2.51e-48	1.45e-45	292	13346	13346	13346	1.23	264	1.98	27	0.20
128	/data/program/meme-5.0.5/database/motif_databases/JASPAR/JASPAR2018_CORE_vertebrates_non-redundant.meme	MA0849.1	FOXO6	GTAAACA	1.05e-51	5.35e-48	3.09e-45	5072	13346	13346	13346	2.05	2120	15.88	1299	9.73
129	/data/program/meme-5.0.5/database/motif_databases/JASPAR/JASPAR2018_CORE_vertebrates_non-redundant.meme	MA0617.1	Id2	RCACGTGR	1.67e-50	2.20e-47	1.27e-44	1317	13346	13346	13346	1.79	918	6.88	397	2.97
130	/data/program/meme-5.0.5/database/motif_databases/JASPAR/JASPAR2018_CORE_vertebrates_non-redundant.meme	MA0605.1	Atf3	GATGACGT	9.36e-51	2.51e-47	1.45e-44	2677	13346	13346	13346	1.03	1681	12.60	956	7.16
131	/data/program/meme-5.0.5/database/motif_databases/JASPAR/JASPAR2018_CORE_vertebrates_non-redundant.meme	MA0622.1	Mlxip	BCACGTGK	1.98e-50	2.61e-47	1.51e-44	1317	13346	13346	13346	1.63	919	6.89	398	2.98
132	/data/program/meme-5.0.5/database/motif_databases/JASPAR/JASPAR2018_CORE_vertebrates_non-redundant.meme	MA0492.1	JUND(var.2)	DDDRATGABGTCATN	2.91e-49	6.85e-46	3.96e-43	2350	13346	13346	13346	1.36	1371	10.27	728	5.45
133	/data/program/meme-5.0.5/database/motif_databases/JASPAR/JASPAR2018_CORE_vertebrates_non-redundant.meme	MA0102.3	CEBPA	ATTGCAYAAYH	1.79e-49	9.01e-46	5.22e-43	5026	13346	13346	13346	1.49	2505	18.77	1635	12.25
134	/data/program/meme-5.0.5/database/motif_databases/JASPAR/JASPAR2018_CORE_vertebrates_non-redundant.meme	MA0773.1	MEF2D	DCTAWAAATAGM	6.45e-48	3.63e-45	2.10e-42	563	13346	13346	13346	1.46	412	3.09	98	0.73
135	/data/program/meme-5.0.5/database/motif_databases/JASPAR/JASPAR2018_CORE_vertebrates_non-redundant.meme	MA0899.1	HOXA10	DGYMATAAAAH	3.12e-48	1.99e-44	1.15e-41	6388	13346	13346	13346	1.01	3698	27.71	2685	20.12
136	/data/program/meme-5.0.5/database/motif_databases/JASPAR/JASPAR2018_CORE_vertebrates_non-redundant.meme	MA0090.2	TEAD1	YRCATTCCWH	9.65e-48	8.03e-44	4.65e-41	8316	13346	13346	13346	1.04	4600	34.47	3513	26.32
137	/data/program/meme-5.0.5/database/motif_databases/JASPAR/JASPAR2018_CORE_vertebrates_non-redundant.meme	MA0660.1	MEF2B	RCTAWAAATAGC	1.12e-45	6.68e-43	3.87e-40	595	13346	13346	13346	1.19	445	3.33	121	0.91
138	/data/program/meme-5.0.5/database/motif_databases/JASPAR/JASPAR2018_CORE_vertebrates_non-redundant.meme	MA0910.1	Hoxd8	TAADTAATTAATRGCTN	4.88e-46	1.61e-42	9.30e-40	3294	13346	13346	13346	1.06	2023	15.16	1263	9.46
139	/data/program/meme-5.0.5/database/motif_databases/JASPAR/JASPAR2018_CORE_vertebrates_non-redundant.meme	MA0807.1	TBX5	AGGTGTKA	2.03e-46	2.37e-42	1.37e-39	11651	13346	13346	13346	1.05	6187	46.36	5037	37.74
140	/data/program/meme-5.0.5/database/motif_databases/JASPAR/JASPAR2018_CORE_vertebrates_non-redundant.meme	MA0157.2	FOXO3	GTAAACAW	9.48e-46	2.77e-42	1.60e-39	2921	13346	13346	13346	1.13	1647	12.34	963	7.22
141	/data/program/meme-5.0.5/database/motif_databases/JASPAR/JASPAR2018_CORE_vertebrates_non-redundant.meme	MA0808.1	TEAD3	RCATTCCW	9.93e-46	6.03e-42	3.49e-39	6074	13346	13346	13346	1.03	3472	26.02	2509	18.80
142	/data/program/meme-5.0.5/database/motif_databases/JASPAR/JASPAR2018_CORE_vertebrates_non-redundant.meme	MA0763.1	ETV3	ACCGGAAGTR	2.52e-45	7.03e-42	4.07e-39	2796	13346	13346	13346	1.08	1661	12.45	977	7.32
143	/data/program/meme-5.0.5/database/motif_databases/JASPAR/JASPAR2018_CORE_vertebrates_non-redundant.meme	MA0626.1	Npas2	NSCACGTGTN	4.78e-45	1.37e-41	7.91e-39	2860	13346	13346	13346	2.8	768	5.75	320	2.40
144	/data/program/meme-5.0.5/database/motif_databases/JASPAR/JASPAR2018_CORE_vertebrates_non-redundant.meme	MA0809.1	TEAD4	NRCATTCCWN	2.53e-45	2.11e-41	1.22e-38	8355	13346	13346	13346	1.46	3665	27.46	2686	20.13
145	/data/program/meme-5.0.5/database/motif_databases/JASPAR/JASPAR2018_CORE_vertebrates_non-redundant.meme	MA0692.1	TFEB	RYCACGTGAC	3.46e-44	1.41e-40	8.15e-38	4067	13346	13346	13346	1.02	2438	18.27	1624	12.17
146	/data/program/meme-5.0.5/database/motif_databases/JASPAR/JASPAR2018_CORE_vertebrates_non-redundant.meme	MA0831.2	TFE3	CACGTGAY	1.74e-43	6.23e-40	3.61e-37	3580	13346	13346	13346	1.78	1589	11.91	933	6.99
147	/data/program/meme-5.0.5/database/motif_databases/JASPAR/JASPAR2018_CORE_vertebrates_non-redundant.meme	MA0526.2	USF2	NNNGGTCACGTGRYYN	1.48e-42	2.54e-39	1.47e-36	1709	13346	13346	13346	1.2	1034	7.75	517	3.87
148	/data/program/meme-5.0.5/database/motif_databases/JASPAR/JASPAR2018_CORE_vertebrates_non-redundant.meme	MA1124.1	ZNF24	CATTCATTCATTC	1.71e-42	3.51e-39	2.03e-36	2061	13346	13346	13346	1.12	1293	9.69	710	5.32
149	/data/program/meme-5.0.5/database/motif_databases/JASPAR/JASPAR2018_CORE_vertebrates_non-redundant.meme	MA0093.2	USF1	VYCAYGTGACC	2.43e-42	9.13e-39	5.29e-36	3755	13346	13346	13346	1.03	2254	16.89	1485	11.13
150	/data/program/meme-5.0.5/database/motif_databases/JASPAR/JASPAR2018_CORE_vertebrates_non-redundant.meme	MA0006.1	Ahr::Arnt	YGCGTG	1.51e-41	4.74e-38	2.74e-35	3128	13346	13346	13346	1.01	1910	14.31	1206	9.04
151	/data/program/meme-5.0.5/database/motif_databases/JASPAR/JASPAR2018_CORE_vertebrates_non-redundant.meme	MA0040.1	Foxq1	HATTGTTTATW	3.68e-40	1.25e-36	7.21e-34	3388	13346	13346	13346	1.03	2051	15.37	1334	10.00
152	/data/program/meme-5.0.5/database/motif_databases/JASPAR/JASPAR2018_CORE_vertebrates_non-redundant.meme	MA0871.1	TFEC	RTCACRTGAB	5.61e-40	3.19e-36	1.85e-33	5684	13346	13346	13346	1.23	2850	21.35	2019	15.13
153	/data/program/meme-5.0.5/database/motif_databases/JASPAR/JASPAR2018_CORE_vertebrates_non-redundant.meme	MA1108.1	MXI1	NVVCCACGTGSNB	1.22e-38	2.73e-35	1.58e-32	2231	13346	13346	13346	1.09	1337	10.02	769	5.76
154	/data/program/meme-5.0.5/database/motif_databases/JASPAR/JASPAR2018_CORE_vertebrates_non-redundant.meme	MA0608.1	Creb3l2	GCCACGTGD	2.95e-38	3.24e-35	1.88e-32	1099	13346	13346	13346	1.02	756	5.66	342	2.56
155	/data/program/meme-5.0.5/database/motif_databases/JASPAR/JASPAR2018_CORE_vertebrates_non-redundant.meme	MA0733.1	EGR4	NHMCGCCCACGCAHWT	1.90e-38	5.13e-35	2.97e-32	2700	13346	13346	13346	1.07	1649	12.36	1018	7.63
156	/data/program/meme-5.0.5/database/motif_databases/JASPAR/JASPAR2018_CORE_vertebrates_non-redundant.meme	MA0043.2	HLF	NVTTACRTAAYH	3.51e-38	9.45e-35	5.47e-32	2694	13346	13346	13346	1.63	1223	9.16	684	5.13
157	/data/program/meme-5.0.5/database/motif_databases/JASPAR/JASPAR2018_CORE_vertebrates_non-redundant.meme	MA0108.2	TBP	STATAAAWRSVVVBN	9.90e-38	3.42e-34	1.98e-31	3456	13346	13346	13346	1.02	2077	15.56	1377	10.32
158	/data/program/meme-5.0.5/database/motif_databases/JASPAR/JASPAR2018_CORE_vertebrates_non-redundant.meme	MA0649.1	HEY2	GRCACGTGYC	9.84e-37	1.72e-33	9.95e-31	1746	13346	13346	13346	1.12	1046	7.84	559	4.19
159	/data/program/meme-5.0.5/database/motif_databases/JASPAR/JASPAR2018_CORE_vertebrates_non-redundant.meme	MA1114.1	PBX3	NNNTGAGTGACAGGBNN	8.82e-37	5.76e-33	3.34e-30	6530	13346	13346	13346	1.77	2597	19.46	1831	13.72
160	/data/program/meme-5.0.5/database/motif_databases/JASPAR/JASPAR2018_CORE_vertebrates_non-redundant.meme	MA0147.3	MYC	NNCCACGTGCNB	1.88e-36	6.53e-33	3.78e-30	3471	13346	13346	13346	2.62	850	6.37	417	3.12
161	/data/program/meme-5.0.5/database/motif_databases/JASPAR/JASPAR2018_CORE_vertebrates_non-redundant.meme	MA0878.1	CDX1	GYMATAAAA	6.91e-36	4.07e-32	2.36e-29	5889	13346	13346	13346	1.02	3332	24.97	2492	18.67
162	/data/program/meme-5.0.5/database/motif_databases/JASPAR/JASPAR2018_CORE_vertebrates_non-redundant.meme	MA1106.1	HIF1A	SBACGTGCNN	6.27e-35	9.27e-32	5.37e-29	1478	13346	13346	13346	1.05	955	7.16	502	3.76
163	/data/program/meme-5.0.5/database/motif_databases/JASPAR/JASPAR2018_CORE_vertebrates_non-redundant.meme	MA0840.1	Creb5	NATGACGTCAYH	8.12e-34	4.64e-31	2.68e-28	571	13346	13346	13346	1.04	425	3.18	145	1.09
164	/data/program/meme-5.0.5/database/motif_databases/JASPAR/JASPAR2018_CORE_vertebrates_non-redundant.meme	MA0814.1	TFAP2C(var.2)	HGCCTSAGGCD	2.58e-34	1.77e-30	1.02e-27	6843	13346	13346	13346	1.03	3825	28.66	2960	22.18
165	/data/program/meme-5.0.5/database/motif_databases/JASPAR/JASPAR2018_CORE_vertebrates_non-redundant.meme	MA0836.1	CEBPD	RTTRCGCAAY	2.39e-33	5.03e-30	2.91e-27	2105	13346	13346	13346	1.03	1302	9.76	779	5.84
166	/data/program/meme-5.0.5/database/motif_databases/JASPAR/JASPAR2018_CORE_vertebrates_non-redundant.meme	MA0664.1	MLXIPL	RTCACGTGAT	8.85e-33	1.16e-29	6.71e-27	1310	13346	13346	13346	1.11	810	6.07	408	3.06
167	/data/program/meme-5.0.5/database/motif_databases/JASPAR/JASPAR2018_CORE_vertebrates_non-redundant.meme	MA0639.1	DBP	NRTTACGTAAYV	1.34e-32	1.82e-29	1.05e-26	1356	13346	13346	13346	1.47	760	5.69	373	2.79
168	/data/program/meme-5.0.5/database/motif_databases/JASPAR/JASPAR2018_CORE_vertebrates_non-redundant.meme	MA1122.1	TFDP1	VSGCGGGAAVN	9.08e-33	2.18e-29	1.26e-26	2397	13346	13346	13346	1.83	900	6.74	474	3.55
169	/data/program/meme-5.0.5/database/motif_databases/JASPAR/JASPAR2018_CORE_vertebrates_non-redundant.meme	MA0837.1	CEBPE	VTTRCGCAAY	7.44e-33	2.63e-29	1.52e-26	3534	13346	13346	13346	1.08	1994	14.94	1352	10.13
170	/data/program/meme-5.0.5/database/motif_databases/JASPAR/JASPAR2018_CORE_vertebrates_non-redundant.meme	MA0609.1	Crem	NATGACGTMA	4.56e-32	4.23e-29	2.45e-26	929	13346	13346	13346	1.18	585	4.38	254	1.90
171	/data/program/meme-5.0.5/database/motif_databases/JASPAR/JASPAR2018_CORE_vertebrates_non-redundant.meme	MA0515.1	Sox6	CCWTTGTYYY	1.51e-32	8.80e-29	5.10e-26	5833	13346	13346	13346	1.02	3314	24.83	2516	18.85
172	/data/program/meme-5.0.5/database/motif_databases/JASPAR/JASPAR2018_CORE_vertebrates_non-redundant.meme	MA0466.2	CEBPB	RTTRCGCAAY	4.85e-32	1.26e-28	7.32e-26	2606	13346	13346	13346	1.03	1573	11.79	1008	7.55
173	/data/program/meme-5.0.5/database/motif_databases/JASPAR/JASPAR2018_CORE_vertebrates_non-redundant.meme	MA0703.1	LMX1B	NYAATTAA	2.51e-32	1.94e-28	1.12e-25	7696	13346	13346	13346	1.01	4284	32.10	3412	25.57
174	/data/program/meme-5.0.5/database/motif_databases/JASPAR/JASPAR2018_CORE_vertebrates_non-redundant.meme	MA0084.1	SRY	NWWAACAAT	2.93e-32	2.94e-28	1.70e-25	10033	13346	13346	13346	1.14	4993	37.41	4082	30.59
175	/data/program/meme-5.0.5/database/motif_databases/JASPAR/JASPAR2018_CORE_vertebrates_non-redundant.meme	MA0104.4	MYCN	VVCCACGTGGBB	1.60e-31	4.37e-28	2.53e-25	2734	13346	13346	13346	4.85	565	4.23	243	1.82
176	/data/program/meme-5.0.5/database/motif_databases/JASPAR/JASPAR2018_CORE_vertebrates_non-redundant.meme	MA0786.1	POU3F1	WTATGCWAATKW	5.07e-31	2.17e-27	1.26e-24	4279	13346	13346	13346	1.04	2449	18.35	1763	13.21
177	/data/program/meme-5.0.5/database/motif_databases/JASPAR/JASPAR2018_CORE_vertebrates_non-redundant.meme	MA0472.2	EGR2	MCGCCCACGCA	3.12e-30	2.82e-27	1.63e-24	904	13346	13346	13346	1.24	549	4.11	238	1.78
178	/data/program/meme-5.0.5/database/motif_databases/JASPAR/JASPAR2018_CORE_vertebrates_non-redundant.meme	MA0464.2	BHLHE40	VKCACGTGMC	3.63e-30	3.07e-27	1.78e-24	846	13346	13346	13346	1.02	584	4.38	262	1.96
179	/data/program/meme-5.0.5/database/motif_databases/JASPAR/JASPAR2018_CORE_vertebrates_non-redundant.meme	MA0014.3	PAX5	RRGCGTGACCNN	1.46e-29	4.50e-26	2.60e-23	3073	13346	13346	13346	1.02	1829	13.70	1244	9.32
180	/data/program/meme-5.0.5/database/motif_databases/JASPAR/JASPAR2018_CORE_vertebrates_non-redundant.meme	MA0909.1	HOXD13	CYMATAAAAH	3.31e-29	1.43e-25	8.30e-23	4325	13346	13346	13346	1.03	2477	18.56	1808	13.55
181	/data/program/meme-5.0.5/database/motif_databases/JASPAR/JASPAR2018_CORE_vertebrates_non-redundant.meme	MA0597.1	THAP1	YTGCCCDBA	9.44e-30	1.55e-25	8.96e-23	16389	13346	13346	13346	1.61	4735	35.48	3874	29.03
182	/data/program/meme-5.0.5/database/motif_databases/JASPAR/JASPAR2018_CORE_vertebrates_non-redundant.meme	MA0513.1	SMAD2::SMAD3::SMAD4	CTGTCTGDCACCT	6.17e-29	3.94e-25	2.28e-22	6384	13346	13346	13346	1.04	3567	26.73	2794	20.94
183	/data/program/meme-5.0.5/database/motif_databases/JASPAR/JASPAR2018_CORE_vertebrates_non-redundant.meme	MA0772.1	IRF7	HCGAAARYGAAAVT	1.06e-27	1.30e-24	7.53e-22	1231	13346	13346	13346	1.09	789	5.91	422	3.16
184	/data/program/meme-5.0.5/database/motif_databases/JASPAR/JASPAR2018_CORE_vertebrates_non-redundant.meme	MA0740.1	KLF14	KRCCACGCCCMCYT	1.37e-27	2.31e-24	1.34e-21	1690	13346	13346	13346	1.05	1058	7.93	629	4.71
185	/data/program/meme-5.0.5/database/motif_databases/JASPAR/JASPAR2018_CORE_vertebrates_non-redundant.meme	MA0107.1	RELA	GGGRATTTCC	1.36e-27	3.77e-24	2.18e-21	2776	13346	13346	13346	5.74	919	6.89	521	3.90
186	/data/program/meme-5.0.5/database/motif_databases/JASPAR/JASPAR2018_CORE_vertebrates_non-redundant.meme	MA0656.1	JDP2(var.2)	GATGACGTCAYC	1.93e-26	7.79e-24	4.51e-21	403	13346	13346	13346	1.61	266	1.99	76	0.57
187	/data/program/meme-5.0.5/database/motif_databases/JASPAR/JASPAR2018_CORE_vertebrates_non-redundant.meme	MA0028.2	ELK1	ACCGGAAGTR	1.63e-26	1.70e-23	9.85e-21	1046	13346	13346	13346	1.02	690	5.17	356	2.67
188	/data/program/meme-5.0.5/database/motif_databases/JASPAR/JASPAR2018_CORE_vertebrates_non-redundant.meme	MA0819.1	CLOCK	AACACGTGTH	2.26e-26	5.36e-23	3.10e-20	2369	13346	13346	13346	1.09	1366	10.24	887	6.65
189	/data/program/meme-5.0.5/database/motif_databases/JASPAR/JASPAR2018_CORE_vertebrates_non-redundant.meme	MA0844.1	XBP1	WDKGMCACGTCATC	9.97e-26	6.13e-23	3.55e-20	615	13346	13346	13346	1.71	341	2.56	122	0.91
190	/data/program/meme-5.0.5/database/motif_databases/JASPAR/JASPAR2018_CORE_vertebrates_non-redundant.meme	MA0686.1	SPDEF	AMCCGGATGTR	8.91e-26	9.86e-23	5.71e-20	1106	13346	13346	13346	1.05	714	5.35	378	2.83
191	/data/program/meme-5.0.5/database/motif_databases/JASPAR/JASPAR2018_CORE_vertebrates_non-redundant.meme	MA0137.3	STAT1	TTTCYRGGAAA	4.84e-26	1.49e-22	8.63e-20	3082	13346	13346	13346	1.04	1805	13.52	1259	9.43
192	/data/program/meme-5.0.5/database/motif_databases/JASPAR/JASPAR2018_CORE_vertebrates_non-redundant.meme	MA0101.1	REL	BGGRNWTTCC	2.97e-26	1.88e-22	1.09e-19	6328	13346	13346	13346	6.07	885	6.63	504	3.78
193	/data/program/meme-5.0.5/database/motif_databases/JASPAR/JASPAR2018_CORE_vertebrates_non-redundant.meme	MA0834.1	ATF7	NDATGACGTCATMV	1.41e-24	4.09e-22	2.37e-19	290	13346	13346	13346	1.05	229	1.72	61	0.46
194	/data/program/meme-5.0.5/database/motif_databases/JASPAR/JASPAR2018_CORE_vertebrates_non-redundant.meme	MA0650.1	HOXA13	CYAATAAAAM	9.53e-26	4.62e-22	2.68e-19	4851	13346	13346	13346	1.05	2695	20.19	2044	15.32
195	/data/program/meme-5.0.5/database/motif_databases/JASPAR/JASPAR2018_CORE_vertebrates_non-redundant.meme	MA0003.3	TFAP2A	HGCCYSAGGCD	9.54e-26	6.99e-22	4.05e-19	7323	13346	13346	13346	1.02	4035	30.23	3275	24.54
196	/data/program/meme-5.0.5/database/motif_databases/JASPAR/JASPAR2018_CORE_vertebrates_non-redundant.meme	MA0833.1	ATF4	GKATGAYGCAATM	5.92e-25	9.55e-22	5.53e-19	1612	13346	13346	13346	1.04	1005	7.53	607	4.55
197	/data/program/meme-5.0.5/database/motif_databases/JASPAR/JASPAR2018_CORE_vertebrates_non-redundant.meme	MA0901.1	HOXB13	CCAATAAAAH	3.63e-25	1.49e-21	8.65e-19	4108	13346	13346	13346	1.03	2339	17.53	1734	12.99
198	/data/program/meme-5.0.5/database/motif_databases/JASPAR/JASPAR2018_CORE_vertebrates_non-redundant.meme	MA0051.1	IRF2	SGAAAGYGAAASCRWWWM	1.51e-23	6.47e-21	3.75e-18	429	13346	13346	13346	1.73	265	1.99	84	0.63
199	/data/program/meme-5.0.5/database/motif_databases/JASPAR/JASPAR2018_CORE_vertebrates_non-redundant.meme	MA0801.1	MGA	AGGTGTGA	3.66e-24	2.26e-20	1.31e-17	6186	13346	13346	13346	1.1	3239	24.27	2560	19.18
200	/data/program/meme-5.0.5/database/motif_databases/JASPAR/JASPAR2018_CORE_vertebrates_non-redundant.meme	MA0638.1	CREB3	VTGCCACGTCAYCR	4.75e-23	3.00e-20	1.74e-17	631	13346	13346	13346	1.09	428	3.21	189	1.42
201	/data/program/meme-5.0.5/database/motif_databases/JASPAR/JASPAR2018_CORE_vertebrates_non-redundant.meme	MA0663.1	MLX	RTCACGTGAT	5.64e-23	3.07e-20	1.78e-17	544	13346	13346	13346	1.02	384	2.88	160	1.20
202	/data/program/meme-5.0.5/database/motif_databases/JASPAR/JASPAR2018_CORE_vertebrates_non-redundant.meme	MA0620.2	MITF	NNDRGTCACGTGACYHNN	1.68e-23	3.47e-20	2.01e-17	2069	13346	13346	13346	1.05	1251	9.37	818	6.13
203	/data/program/meme-5.0.5/database/motif_databases/JASPAR/JASPAR2018_CORE_vertebrates_non-redundant.meme	MA0838.1	CEBPG	ATTRCGCAAY	7.02e-23	8.50e-20	4.92e-17	1210	13346	13346	13346	1.51	639	4.79	340	2.55
204	/data/program/meme-5.0.5/database/motif_databases/JASPAR/JASPAR2018_CORE_vertebrates_non-redundant.meme	MA0632.1	Tcfl5	NBCDCGHGVN	5.32e-23	1.18e-19	6.86e-17	2226	13346	13346	13346	1.03	1301	9.75	864	6.47
205	/data/program/meme-5.0.5/database/motif_databases/JASPAR/JASPAR2018_CORE_vertebrates_non-redundant.meme	MA0843.1	TEF	BRTTACRTAAYM	2.61e-22	2.27e-19	1.32e-16	869	13346	13346	13346	1.06	558	4.18	284	2.13
206	/data/program/meme-5.0.5/database/motif_databases/JASPAR/JASPAR2018_CORE_vertebrates_non-redundant.meme	MA0595.1	SREBF1	VTCACCCCAY	6.30e-23	2.64e-19	1.53e-16	4187	13346	13346	13346	1.21	2241	16.79	1675	12.55
207	/data/program/meme-5.0.5/database/motif_databases/JASPAR/JASPAR2018_CORE_vertebrates_non-redundant.meme	MA0784.1	POU1F1	AWTATGCWAATKAG	1.29e-22	3.14e-19	1.82e-16	2425	13346	13346	13346	1.16	1341	10.05	901	6.75
208	/data/program/meme-5.0.5/database/motif_databases/JASPAR/JASPAR2018_CORE_vertebrates_non-redundant.meme	MA0685.1	SP4	BWRGCCACGCCCMCTYH	3.64e-21	2.26e-18	1.31e-15	619	13346	13346	13346	1.19	415	3.11	189	1.42
209	/data/program/meme-5.0.5/database/motif_databases/JASPAR/JASPAR2018_CORE_vertebrates_non-redundant.meme	MA0059.1	MAX::MYC	RASCACGTGGT	3.08e-21	4.69e-18	2.71e-15	1522	13346	13346	13346	1.06	923	6.92	571	4.28
210	/data/program/meme-5.0.5/database/motif_databases/JASPAR/JASPAR2018_CORE_vertebrates_non-redundant.meme	MA0518.1	Stat4	YTTCYRGGAARNVR	1.19e-21	5.75e-18	3.33e-15	4849	13346	13346	13346	2.51	1863	13.96	1358	10.18
211	/data/program/meme-5.0.5/database/motif_databases/JASPAR/JASPAR2018_CORE_vertebrates_non-redundant.meme	MA0616.1	Hes2	NNNNGRCACGTGM	4.05e-21	1.94e-17	1.12e-14	4788	13346	13346	13346	1.43	1616	12.11	1150	8.62
212	/data/program/meme-5.0.5/database/motif_databases/JASPAR/JASPAR2018_CORE_vertebrates_non-redundant.meme	MA1418.1	IRF3	NSRRAAMGGAAACCGAAACYR	8.36e-20	2.73e-17	1.58e-14	327	13346	13346	13346	1.79	224	1.68	72	0.54
213	/data/program/meme-5.0.5/database/motif_databases/JASPAR/JASPAR2018_CORE_vertebrates_non-redundant.meme	MA0046.2	HNF1A	DRTTAATNATTAACN	2.07e-20	3.23e-17	1.87e-14	1563	13346	13346	13346	1.31	833	6.24	506	3.79
214	/data/program/meme-5.0.5/database/motif_databases/JASPAR/JASPAR2018_CORE_vertebrates_non-redundant.meme	MA0828.1	SREBF2(var.2)	ATCACGTGAY	3.64e-20	3.39e-17	1.97e-14	933	13346	13346	13346	1.24	545	4.08	287	2.15
215	/data/program/meme-5.0.5/database/motif_databases/JASPAR/JASPAR2018_CORE_vertebrates_non-redundant.meme	MA0025.1	NFIL3	TTAYGTAAYNH	2.62e-20	3.69e-17	2.14e-14	1408	13346	13346	13346	1.02	871	6.53	537	4.02
216	/data/program/meme-5.0.5/database/motif_databases/JASPAR/JASPAR2018_CORE_vertebrates_non-redundant.meme	MA0602.1	Arid5a	SYAATATTGVDANH	1.16e-20	4.80e-17	2.78e-14	4135	13346	13346	13346	1.02	2332	17.47	1786	13.38
217	/data/program/meme-5.0.5/database/motif_databases/JASPAR/JASPAR2018_CORE_vertebrates_non-redundant.meme	MA0711.1	OTX1	HTAATCCS	1.50e-20	5.81e-17	3.36e-14	3883	13346	13346	13346	1.19	1923	14.41	1424	10.67
218	/data/program/meme-5.0.5/database/motif_databases/JASPAR/JASPAR2018_CORE_vertebrates_non-redundant.meme	MA0470.1	E2F4	GGGCGGGAARN	1.02e-19	1.48e-16	8.57e-14	1450	13346	13346	13346	1.08	875	6.56	545	4.08
219	/data/program/meme-5.0.5/database/motif_databases/JASPAR/JASPAR2018_CORE_vertebrates_non-redundant.meme	MA0803.1	TBX15	AGGTGTGA	3.52e-20	1.89e-16	1.10e-13	5389	13346	13346	13346	1.02	2993	22.43	2394	17.94
220	/data/program/meme-5.0.5/database/motif_databases/JASPAR/JASPAR2018_CORE_vertebrates_non-redundant.meme	MA0144.2	STAT3	YTTCYKGGAAD	5.07e-20	3.12e-16	1.81e-13	6159	13346	13346	13346	5.15	1361	10.20	944	7.07
221	/data/program/meme-5.0.5/database/motif_databases/JASPAR/JASPAR2018_CORE_vertebrates_non-redundant.meme	MA0080.4	SPI1	AAAAAGCGGAAGTW	7.46e-19	3.62e-16	2.10e-13	485	13346	13346	13346	1.49	307	2.30	127	0.95
222	/data/program/meme-5.0.5/database/motif_databases/JASPAR/JASPAR2018_CORE_vertebrates_non-redundant.meme	MA0465.1	CDX2	VDGYMATAAAA	2.80e-19	8.32e-16	4.82e-13	2966	13346	13346	13346	1.96	1415	10.60	998	7.48
223	/data/program/meme-5.0.5/database/motif_databases/JASPAR/JASPAR2018_CORE_vertebrates_non-redundant.meme	MA0792.1	POU5F1B	TATGCWAAT	2.22e-19	1.13e-15	6.53e-13	5076	13346	13346	13346	1.43	2091	15.67	1588	11.90
224	/data/program/meme-5.0.5/database/motif_databases/JASPAR/JASPAR2018_CORE_vertebrates_non-redundant.meme	MA0839.1	CREB3L1	VTGCCACGTCAYCA	2.55e-18	1.52e-15	8.79e-13	596	13346	13346	13346	1.1	396	2.97	190	1.42
225	/data/program/meme-5.0.5/database/motif_databases/JASPAR/JASPAR2018_CORE_vertebrates_non-redundant.meme	MA0519.1	Stat5a::Stat5b	DTTTCCMAGAA	2.82e-19	1.52e-15	8.80e-13	5384	13346	13346	13346	1.03	2972	22.27	2389	17.90
226	/data/program/meme-5.0.5/database/motif_databases/JASPAR/JASPAR2018_CORE_vertebrates_non-redundant.meme	MA0788.1	POU3F3	WWTATGCWAATTW	4.74e-19	1.55e-15	8.96e-13	3261	13346	13346	13346	1.76	1271	9.52	878	6.58
227	/data/program/meme-5.0.5/database/motif_databases/JASPAR/JASPAR2018_CORE_vertebrates_non-redundant.meme	MA0507.1	POU2F2	YDNATTTGCATRT	9.99e-19	2.42e-15	1.40e-12	2425	13346	13346	13346	1.07	1402	10.51	993	7.44
228	/data/program/meme-5.0.5/database/motif_databases/JASPAR/JASPAR2018_CORE_vertebrates_non-redundant.meme	MA0785.1	POU2F1	AWTATGCWAATK	1.00e-18	3.98e-15	2.30e-12	3978	13346	13346	13346	1.56	1630	12.21	1190	8.92
229	/data/program/meme-5.0.5/database/motif_databases/JASPAR/JASPAR2018_CORE_vertebrates_non-redundant.meme	MA0905.1	HOXC10	GTCRTAAAAH	1.75e-18	4.89e-15	2.83e-12	2796	13346	13346	13346	2.06	898	6.73	574	4.30
230	/data/program/meme-5.0.5/database/motif_databases/JASPAR/JASPAR2018_CORE_vertebrates_non-redundant.meme	MA0829.1	Srebf1(var.2)	ATCACGTGAY	5.65e-18	6.73e-15	3.90e-12	1191	13346	13346	13346	1.04	733	5.49	446	3.34
231	/data/program/meme-5.0.5/database/motif_databases/JASPAR/JASPAR2018_CORE_vertebrates_non-redundant.meme	MA0806.1	TBX4	AGGTGTGA	9.31e-19	7.44e-15	4.31e-12	8000	13346	13346	13346	1.02	4311	32.30	3655	27.39
232	/data/program/meme-5.0.5/database/motif_databases/JASPAR/JASPAR2018_CORE_vertebrates_non-redundant.meme	MA1115.1	POU5F1	WHATGCAAATN	1.16e-18	7.95e-15	4.60e-12	6836	13346	13346	13346	1.04	3663	27.45	3043	22.80
233	/data/program/meme-5.0.5/database/motif_databases/JASPAR/JASPAR2018_CORE_vertebrates_non-redundant.meme	MA0787.1	POU3F2	WTATGCWAATKA	5.54e-18	1.60e-14	9.27e-12	2891	13346	13346	13346	1.03	1663	12.46	1228	9.20
234	/data/program/meme-5.0.5/database/motif_databases/JASPAR/JASPAR2018_CORE_vertebrates_non-redundant.meme	MA0682.1	Pitx1	YTAATCCH	7.41e-18	4.33e-14	2.51e-11	5840	13346	13346	13346	1.22	2696	20.20	2158	16.17
235	/data/program/meme-5.0.5/database/motif_databases/JASPAR/JASPAR2018_CORE_vertebrates_non-redundant.meme	MA0149.1	EWSR1-FLI1	GGAAGGAAGGAAGGAAGG	3.07e-16	4.48e-14	2.60e-11	146	13346	13346	13346	1.68	119	0.89	25	0.19
236	/data/program/meme-5.0.5/database/motif_databases/JASPAR/JASPAR2018_CORE_vertebrates_non-redundant.meme	MA0879.1	Dlx1	NVTAATTANN	6.86e-18	5.05e-14	2.92e-11	7357	13346	13346	13346	1.06	3767	28.23	3155	23.64
237	/data/program/meme-5.0.5/database/motif_databases/JASPAR/JASPAR2018_CORE_vertebrates_non-redundant.meme	MA0048.2	NHLH1	CGCAGCTGCK	1.63e-17	8.40e-14	4.87e-11	5169	13346	13346	13346	3.37	1467	10.99	1063	7.96
238	/data/program/meme-5.0.5/database/motif_databases/JASPAR/JASPAR2018_CORE_vertebrates_non-redundant.meme	MA0799.1	RFX4	NGTWRCCATGGYWACS	1.20e-16	1.38e-13	7.98e-11	1148	13346	13346	13346	1.67	556	4.17	318	2.38
239	/data/program/meme-5.0.5/database/motif_databases/JASPAR/JASPAR2018_CORE_vertebrates_non-redundant.meme	MA0811.1	TFAP2B	YGCCCBVRGGCA	2.15e-17	1.65e-13	9.55e-11	7656	13346	13346	13346	1.13	3961	29.68	3348	25.09
240	/data/program/meme-5.0.5/database/motif_databases/JASPAR/JASPAR2018_CORE_vertebrates_non-redundant.meme	MA0524.2	TFAP2C	YGCCYBVRGGCA	6.40e-17	5.21e-13	3.02e-10	8144	13346	13346	13346	1.06	4306	32.26	3686	27.62
241	/data/program/meme-5.0.5/database/motif_databases/JASPAR/JASPAR2018_CORE_vertebrates_non-redundant.meme	MA0659.1	MAFG	WWWNTGCTGASTCAGCAHWWW	7.06e-16	1.25e-12	7.26e-10	1775	13346	13346	13346	1.12	1049	7.86	724	5.42
242	/data/program/meme-5.0.5/database/motif_databases/JASPAR/JASPAR2018_CORE_vertebrates_non-redundant.meme	MA0483.1	Gfi1b	AAATCWCWGCH	3.86e-16	2.19e-12	1.27e-9	5663	13346	13346	13346	2.42	2013	15.08	1564	11.72
243	/data/program/meme-5.0.5/database/motif_databases/JASPAR/JASPAR2018_CORE_vertebrates_non-redundant.meme	MA0652.1	IRF8	HCGAAACCGAAACT	2.90e-14	3.14e-12	1.82e-9	108	13346	13346	13346	1.21	91	0.68	16	0.12
244	/data/program/meme-5.0.5/database/motif_databases/JASPAR/JASPAR2018_CORE_vertebrates_non-redundant.meme	MA0812.1	TFAP2B(var.2)	HGCCTSAGGCD	8.04e-16	4.00e-12	2.32e-9	4978	13346	13346	13346	1.51	2252	16.87	1785	13.37
245	/data/program/meme-5.0.5/database/motif_databases/JASPAR/JASPAR2018_CORE_vertebrates_non-redundant.meme	MA0728.1	Nr2f6(var.2)	RAGGTCAARAGGTCA	3.77e-14	5.84e-12	3.38e-9	155	13346	13346	13346	1.14	123	0.92	32	0.24
246	/data/program/meme-5.0.5/database/motif_databases/JASPAR/JASPAR2018_CORE_vertebrates_non-redundant.meme	MA0798.1	RFX3	BGTTRCCATGGYAACS	8.37e-15	7.23e-12	4.18e-9	863	13346	13346	13346	2.12	395	2.96	209	1.57
247	/data/program/meme-5.0.5/database/motif_databases/JASPAR/JASPAR2018_CORE_vertebrates_non-redundant.meme	MA0683.1	POU4F2	RTGCATAATTAATGAG	2.05e-14	1.04e-11	6.02e-9	508	13346	13346	13346	1.32	303	2.27	145	1.09
248	/data/program/meme-5.0.5/database/motif_databases/JASPAR/JASPAR2018_CORE_vertebrates_non-redundant.meme	MA0633.1	Twist2	NCCATATGTK	3.54e-15	1.56e-11	9.04e-9	4411	13346	13346	13346	1.02	2431	18.22	1959	14.68
249	/data/program/meme-5.0.5/database/motif_databases/JASPAR/JASPAR2018_CORE_vertebrates_non-redundant.meme	MA0135.1	Lhx3	WAATTAATTAWYY	1.17e-14	1.56e-11	9.04e-9	1332	13346	13346	13346	1.06	793	5.94	523	3.92
250	/data/program/meme-5.0.5/database/motif_databases/JASPAR/JASPAR2018_CORE_vertebrates_non-redundant.meme	MA0653.1	IRF9	AACGAAACCGAAACT	2.40e-13	2.42e-11	1.40e-8	101	13346	13346	13346	1.7	78	0.58	12	0.09
251	/data/program/meme-5.0.5/database/motif_databases/JASPAR/JASPAR2018_CORE_vertebrates_non-redundant.meme	MA0627.1	Pou2f3	THKTATGCAAATKMDM	3.73e-14	7.81e-11	4.52e-8	2095	13346	13346	13346	4.35	572	4.29	349	2.62
252	/data/program/meme-5.0.5/database/motif_databases/JASPAR/JASPAR2018_CORE_vertebrates_non-redundant.meme	MA0596.1	SREBF2	RTGGGGTGAY	1.88e-14	8.25e-11	4.78e-8	4389	13346	13346	13346	13.1	498	3.73	289	2.17
253	/data/program/meme-5.0.5/database/motif_databases/JASPAR/JASPAR2018_CORE_vertebrates_non-redundant.meme	MA0810.1	TFAP2A(var.2)	YGCCCBVRGGCR	1.19e-14	9.29e-11	5.38e-8	7820	13346	13346	13346	1.02	4193	31.42	3625	27.16
254	/data/program/meme-5.0.5/database/motif_databases/JASPAR/JASPAR2018_CORE_vertebrates_non-redundant.meme	MA1100.1	ASCL1	VSAGCAGCTGSNN	1.78e-14	1.16e-10	6.74e-8	6538	13346	13346	13346	1.03	3534	26.48	3001	22.49
255	/data/program/meme-5.0.5/database/motif_databases/JASPAR/JASPAR2018_CORE_vertebrates_non-redundant.meme	MA0628.1	POU6F1	AYTAATTART	3.64e-14	1.23e-10	7.10e-8	3364	13346	13346	13346	1.02	1872	14.03	1467	10.99
256	/data/program/meme-5.0.5/database/motif_databases/JASPAR/JASPAR2018_CORE_vertebrates_non-redundant.meme	MA0789.1	POU3F4	TATGCWAAT	6.82e-14	1.81e-10	1.05e-7	2652	13346	13346	13346	6.87	363	2.72	191	1.43
257	/data/program/meme-5.0.5/database/motif_databases/JASPAR/JASPAR2018_CORE_vertebrates_non-redundant.meme	MA0707.1	MNX1	DNYAATTAAA	2.97e-14	1.90e-10	1.10e-7	6399	13346	13346	13346	1.01	3452	25.87	2928	21.94
258	/data/program/meme-5.0.5/database/motif_databases/JASPAR/JASPAR2018_CORE_vertebrates_non-redundant.meme	MA0442.2	SOX10	NDAACAAAGVN	2.66e-14	2.04e-10	1.18e-7	7689	13346	13346	13346	2.91	2764	20.71	2282	17.10
259	/data/program/meme-5.0.5/database/motif_databases/JASPAR/JASPAR2018_CORE_vertebrates_non-redundant.meme	MA0712.1	OTX2	YTAATCCB	4.00e-14	2.07e-10	1.20e-7	5183	13346	13346	13346	1.03	2797	20.96	2316	17.35
260	/data/program/meme-5.0.5/database/motif_databases/JASPAR/JASPAR2018_CORE_vertebrates_non-redundant.meme	MA1419.1	IRF4	HCGAAACCGAAACYA	4.87e-12	4.43e-10	2.56e-7	91	13346	13346	13346	1.15	77	0.58	14	0.10
261	/data/program/meme-5.0.5/database/motif_databases/JASPAR/JASPAR2018_CORE_vertebrates_non-redundant.meme	MA0065.2	Pparg::Rxra	STRGGGCARAGGKCA	5.30e-14	5.70e-10	3.30e-7	10751	13346	13346	13346	1.06	5593	41.91	4998	37.45
262	/data/program/meme-5.0.5/database/motif_databases/JASPAR/JASPAR2018_CORE_vertebrates_non-redundant.meme	MA0862.1	GMEB2	TTACGTAA	2.10e-12	1.58e-9	9.12e-7	751	13346	13346	13346	1.5	333	2.50	178	1.33
263	/data/program/meme-5.0.5/database/motif_databases/JASPAR/JASPAR2018_CORE_vertebrates_non-redundant.meme	MA0486.2	HSF1	TTCTAGAAYRTTC	3.61e-12	2.23e-9	1.29e-6	619	13346	13346	13346	60.1	84	0.63	17	0.13
264	/data/program/meme-5.0.5/database/motif_databases/JASPAR/JASPAR2018_CORE_vertebrates_non-redundant.meme	MA0732.1	EGR3	HHMCGCCCACGCAHH	2.00e-11	1.01e-8	5.83e-6	505	13346	13346	13346	1.06	326	2.44	179	1.34
265	/data/program/meme-5.0.5/database/motif_databases/JASPAR/JASPAR2018_CORE_vertebrates_non-redundant.meme	MA0793.1	POU6F2	ASCTMATTAW	3.22e-12	1.10e-8	6.37e-6	3413	13346	13346	13346	1.1	1791	13.42	1425	10.68
266	/data/program/meme-5.0.5/database/motif_databases/JASPAR/JASPAR2018_CORE_vertebrates_non-redundant.meme	MA0822.1	HES7	YGGCACGTGCCR	7.59e-11	1.15e-8	6.63e-6	151	13346	13346	13346	1.13	108	0.81	33	0.25
267	/data/program/meme-5.0.5/database/motif_databases/JASPAR/JASPAR2018_CORE_vertebrates_non-redundant.meme	MA0485.1	Hoxc9	RGCCATAAATCAY	5.40e-12	1.46e-8	8.47e-6	2710	13346	13346	13346	1.04	1514	11.34	1179	8.83
268	/data/program/meme-5.0.5/database/motif_databases/JASPAR/JASPAR2018_CORE_vertebrates_non-redundant.meme	MA0706.1	MEOX2	DSTAATTAWN	2.36e-12	1.69e-8	9.79e-6	7172	13346	13346	13346	1.53	2117	15.86	1720	12.89
269	/data/program/meme-5.0.5/database/motif_databases/JASPAR/JASPAR2018_CORE_vertebrates_non-redundant.meme	MA0908.1	HOXD11	RTCGTAAAAH	1.08e-11	2.32e-8	1.34e-5	2157	13346	13346	13346	1.02	1222	9.16	924	6.92
270	/data/program/meme-5.0.5/database/motif_databases/JASPAR/JASPAR2018_CORE_vertebrates_non-redundant.meme	MA0805.1	TBX1	AGGTGTGA	5.88e-12	2.70e-8	1.56e-5	4591	13346	13346	13346	27.6	411	3.08	240	1.80
271	/data/program/meme-5.0.5/database/motif_databases/JASPAR/JASPAR2018_CORE_vertebrates_non-redundant.meme	MA0600.2	RFX2	SGTTGCCATGGYAACS	1.52e-10	4.08e-8	2.36e-5	269	13346	13346	13346	4.23	115	0.86	38	0.28
272	/data/program/meme-5.0.5/database/motif_databases/JASPAR/JASPAR2018_CORE_vertebrates_non-redundant.meme	MA0510.2	RFX5	SGTTGCCATGGYAACV	1.95e-10	7.46e-8	4.32e-5	382	13346	13346	13346	1.64	215	1.61	104	0.78
273	/data/program/meme-5.0.5/database/motif_databases/JASPAR/JASPAR2018_CORE_vertebrates_non-redundant.meme	MA0821.1	HES5	YGGCACGTGCCR	6.78e-10	9.77e-8	5.66e-5	144	13346	13346	13346	1.06	108	0.81	36	0.27
274	/data/program/meme-5.0.5/database/motif_databases/JASPAR/JASPAR2018_CORE_vertebrates_non-redundant.meme	MA1420.1	IRF5	CCGAAACCGAAACY	8.40e-11	1.04e-7	6.00e-5	1234	13346	13346	13346	1.46	579	4.34	384	2.88
275	/data/program/meme-5.0.5/database/motif_databases/JASPAR/JASPAR2018_CORE_vertebrates_non-redundant.meme	MA0770.1	HSF2	TTCTAGAAYRTTC	1.15e-10	1.28e-7	7.42e-5	1114	13346	13346	13346	86.8	87	0.65	22	0.16
276	/data/program/meme-5.0.5/database/motif_databases/JASPAR/JASPAR2018_CORE_vertebrates_non-redundant.meme	MA0499.1	Myod1	NSCAGCTGYYNYB	2.76e-11	1.76e-7	1.02e-4	6398	13346	13346	13346	6.96	1680	12.59	1340	10.04
277	/data/program/meme-5.0.5/database/motif_databases/JASPAR/JASPAR2018_CORE_vertebrates_non-redundant.meme	MA0647.1	GRHL1	AAAACCGGTTTD	1.38e-10	2.43e-7	1.41e-4	1757	13346	13346	13346	6.38	337	2.53	193	1.45
278	/data/program/meme-5.0.5/database/motif_databases/JASPAR/JASPAR2018_CORE_vertebrates_non-redundant.meme	MA0859.1	Rarg	RAGGTCAAAAGGTCAW	2.14e-9	3.59e-7	2.08e-4	168	13346	13346	13346	30.1	59	0.44	11	0.08
279	/data/program/meme-5.0.5/database/motif_databases/JASPAR/JASPAR2018_CORE_vertebrates_non-redundant.meme	MA1155.1	ZSCAN4	TGCACACACTGAAAA	1.61e-9	6.93e-7	4.01e-4	431	13346	13346	13346	1.15	272	2.04	151	1.13
280	/data/program/meme-5.0.5/database/motif_databases/JASPAR/JASPAR2018_CORE_vertebrates_non-redundant.meme	MA0119.1	NFIC::TLX1	TGGCASSRWGCCAA	7.97e-10	7.08e-7	4.10e-4	889	13346	13346	13346	1.46	455	3.41	292	2.19
281	/data/program/meme-5.0.5/database/motif_databases/JASPAR/JASPAR2018_CORE_vertebrates_non-redundant.meme	MA0771.1	HSF4	TTCTAGAABNTTC	7.27e-10	1.60e-6	9.24e-4	2196	13346	13346	13346	65.8	94	0.70	28	0.21
282	/data/program/meme-5.0.5/database/motif_databases/JASPAR/JASPAR2018_CORE_vertebrates_non-redundant.meme	MA0714.1	PITX3	NYTAATCCC	3.18e-10	1.70e-6	9.82e-4	5336	13346	13346	13346	1.23	2395	17.95	2019	15.13
283	/data/program/meme-5.0.5/database/motif_databases/JASPAR/JASPAR2018_CORE_vertebrates_non-redundant.meme	MA0130.1	ZNF354C	MTCCAC	1.33e-10	1.95e-6	1.13e-3	14619	13346	13346	13346	1.4	5916	44.33	5405	40.50
284	/data/program/meme-5.0.5/database/motif_databases/JASPAR/JASPAR2018_CORE_vertebrates_non-redundant.meme	MA0636.1	BHLHE41	RTCACGTGAC	9.88e-9	2.10e-6	1.22e-3	213	13346	13346	13346	21.5	70	0.52	18	0.13
285	/data/program/meme-5.0.5/database/motif_databases/JASPAR/JASPAR2018_CORE_vertebrates_non-redundant.meme	MA0103.3	ZEB1	SNCACCTGSVN	3.06e-10	2.60e-6	1.50e-3	8477	13346	13346	13346	7.1	1456	10.91	1155	8.65
286	/data/program/meme-5.0.5/database/motif_databases/JASPAR/JASPAR2018_CORE_vertebrates_non-redundant.meme	MA0738.1	HIC2	RTGCCCRSB	4.03e-10	5.08e-6	2.94e-3	12607	13346	13346	13346	4.15	991	7.43	743	5.57
287	/data/program/meme-5.0.5/database/motif_databases/JASPAR/JASPAR2018_CORE_vertebrates_non-redundant.meme	MA0500.1	Myog	RRCAGCTGSNV	8.75e-10	5.45e-6	3.15e-3	6224	13346	13346	13346	8.41	1550	11.61	1248	9.35
288	/data/program/meme-5.0.5/database/motif_databases/JASPAR/JASPAR2018_CORE_vertebrates_non-redundant.meme	MA0139.1	CTCF	YGRCCASYAGRKGGCRSYR	2.41e-9	5.89e-6	3.41e-3	2448	13346	13346	13346	262	63	0.47	13	0.10
289	/data/program/meme-5.0.5/database/motif_databases/JASPAR/JASPAR2018_CORE_vertebrates_non-redundant.meme	MA1105.1	GRHL2	GNMAAACCAGTTYNN	2.48e-9	1.13e-5	6.54e-3	4549	13346	13346	13346	11.9	329	2.47	196	1.47
290	/data/program/meme-5.0.5/database/motif_databases/JASPAR/JASPAR2018_CORE_vertebrates_non-redundant.meme	MA0911.1	Hoxa11	RGTCGTAAAANT	6.83e-9	1.32e-5	7.62e-3	1927	13346	13346	13346	1.42	808	6.05	600	4.50
291	/data/program/meme-5.0.5/database/motif_databases/JASPAR/JASPAR2018_CORE_vertebrates_non-redundant.meme	MA0816.1	Ascl2	ARCAGCTGCY	3.98e-9	2.40e-5	1.39e-2	6019	13346	13346	13346	4.64	1321	9.90	1052	7.88
292	/data/program/meme-5.0.5/database/motif_databases/JASPAR/JASPAR2018_CORE_vertebrates_non-redundant.meme	MA0142.1	Pou5f1::Sox2	CWTTGTYATGCAAAT	7.92e-9	2.93e-5	1.69e-2	3697	13346	13346	13346	1.19	1845	13.82	1537	11.52
293	/data/program/meme-5.0.5/database/motif_databases/JASPAR/JASPAR2018_CORE_vertebrates_non-redundant.meme	MA0509.1	Rfx1	GTYNCCATGGCAAC	1.41e-8	3.59e-5	2.08e-2	2550	13346	13346	13346	17.1	221	1.66	119	0.89
294	/data/program/meme-5.0.5/database/motif_databases/JASPAR/JASPAR2018_CORE_vertebrates_non-redundant.meme	MA0873.1	HOXD12	RGTCGTAAAAH	4.47e-8	3.80e-5	2.20e-2	849	13346	13346	13346	1.22	442	3.31	298	2.23
295	/data/program/meme-5.0.5/database/motif_databases/JASPAR/JASPAR2018_CORE_vertebrates_non-redundant.meme	MA0619.1	LIN54	DTTTRAATH	7.18e-9	4.77e-5	2.76e-2	6650	13346	13346	13346	1.04	3488	26.14	3088	23.14
296	/data/program/meme-5.0.5/database/motif_databases/JASPAR/JASPAR2018_CORE_vertebrates_non-redundant.meme	MA0117.2	Mafb	AWWNTGCTGACD	9.26e-9	5.65e-5	3.27e-2	6104	13346	13346	13346	2.56	1560	11.69	1276	9.56
297	/data/program/meme-5.0.5/database/motif_databases/JASPAR/JASPAR2018_CORE_vertebrates_non-redundant.meme	MA0651.1	HOXC11	RGTCGTAAAAN	4.53e-8	6.62e-5	3.84e-2	1461	13346	13346	13346	1.73	547	4.10	386	2.89
298	/data/program/meme-5.0.5/database/motif_databases/JASPAR/JASPAR2018_CORE_vertebrates_non-redundant.meme	MA0153.2	HNF1B	GTTAATNATTAAY	7.19e-8	8.49e-5	4.91e-2	1181	13346	13346	13346	1.06	676	5.07	499	3.74
299	/data/program/meme-5.0.5/database/motif_databases/JASPAR/JASPAR2018_CORE_vertebrates_non-redundant.meme	MA0891.1	GSC2	NYTAATCCBH	2.08e-8	9.57e-5	5.54e-2	4604	13346	13346	13346	1.01	2465	18.47	2126	15.93
300	/data/program/meme-5.0.5/database/motif_databases/JASPAR/JASPAR2018_CORE_vertebrates_non-redundant.meme	MA0621.1	mix-a	NDTTAATTAGN	5.70e-8	1.11e-4	6.40e-2	1941	13346	13346	13346	1.07	1076	8.06	851	6.38
301	/data/program/meme-5.0.5/database/motif_databases/JASPAR/JASPAR2018_CORE_vertebrates_non-redundant.meme	MA0715.1	PROP1	TAATYWAATTA	1.16e-7	1.94e-4	1.12e-1	1669	13346	13346	13346	1.05	925	6.93	721	5.40
302	/data/program/meme-5.0.5/database/motif_databases/JASPAR/JASPAR2018_CORE_vertebrates_non-redundant.meme	MA0035.3	Gata1	TYCTTATCTSY	7.64e-8	2.24e-4	1.29e-1	2928	13346	13346	13346	27.9	174	1.30	89	0.67
303	/data/program/meme-5.0.5/database/motif_databases/JASPAR/JASPAR2018_CORE_vertebrates_non-redundant.meme	MA1104.1	GATA6	NDNAGATAAGADD	8.40e-8	3.41e-4	1.97e-1	4058	13346	13346	13346	1.08	2073	15.53	1772	13.28
304	/data/program/meme-5.0.5/database/motif_databases/JASPAR/JASPAR2018_CORE_vertebrates_non-redundant.meme	MA1119.1	SIX2	NNCTGAAACCTGATMY	1.10e-7	4.68e-4	2.71e-1	4238	13346	13346	13346	1.12	2168	16.24	1864	13.97
305	/data/program/meme-5.0.5/database/motif_databases/JASPAR/JASPAR2018_CORE_vertebrates_non-redundant.meme	MA0722.1	VAX1	YTAATTAH	8.42e-8	6.15e-4	3.56e-1	7304	13346	13346	13346	1.67	1719	12.88	1442	10.80
306	/data/program/meme-5.0.5/database/motif_databases/JASPAR/JASPAR2018_CORE_vertebrates_non-redundant.meme	MA0095.2	YY1	CAARATGGCBGC	2.07e-7	6.42e-4	3.72e-1	3108	13346	13346	13346	98.1	67	0.50	20	0.15
307	/data/program/meme-5.0.5/database/motif_databases/JASPAR/JASPAR2018_CORE_vertebrates_non-redundant.meme	MA0506.1	NRF1	GCGCVTGCGCR	6.55e-7	7.03e-4	4.07e-1	1074	13346	13346	13346	1.36	505	3.78	364	2.73
308	/data/program/meme-5.0.5/database/motif_databases/JASPAR/JASPAR2018_CORE_vertebrates_non-redundant.meme	MA0674.1	NKX6-1	NTMATTAA	1.36e-7	7.69e-4	4.45e-1	5673	13346	13346	13346	1.34	2363	17.71	2050	15.36
309	/data/program/meme-5.0.5/database/motif_databases/JASPAR/JASPAR2018_CORE_vertebrates_non-redundant.meme	MA0675.1	NKX6-2	NYMATTAA	1.20e-7	8.85e-4	5.13e-1	7400	13346	13346	13346	1.29	2785	20.87	2449	18.35
310	/data/program/meme-5.0.5/database/motif_databases/JASPAR/JASPAR2018_CORE_vertebrates_non-redundant.meme	MA0835.1	BATF3	TGATGACGTCATCA	1.62e-5	1.18e-3	6.86e-1	73	13346	13346	13346	2.02	43	0.32	12	0.09
311	/data/program/meme-5.0.5/database/motif_databases/JASPAR/JASPAR2018_CORE_vertebrates_non-redundant.meme	MA0494.1	Nr1h3::Rxra	TGACCTNNAGTRACCYYDN	2.97e-7	1.19e-3	6.87e-1	4002	13346	13346	13346	11.5	386	2.89	260	1.95
312	/data/program/meme-5.0.5/database/motif_databases/JASPAR/JASPAR2018_CORE_vertebrates_non-redundant.meme	MA0902.1	HOXB2	NNTMATTANN	1.86e-7	1.26e-3	7.27e-1	6766	13346	13346	13346	1.31	2447	18.34	2133	15.98
313	/data/program/meme-5.0.5/database/motif_databases/JASPAR/JASPAR2018_CORE_vertebrates_non-redundant.meme	MA0463.1	Bcl6	DTTCCTRGAAAGCH	3.17e-7	1.63e-3	9.41e-1	5137	13346	13346	13346	4.6	974	7.30	772	5.78
314	/data/program/meme-5.0.5/database/motif_databases/JASPAR/JASPAR2018_CORE_vertebrates_non-redundant.meme	MA0521.1	Tcf12	RACAGCTGSNV	3.27e-7	1.97e-3	1.14e0	6024	13346	13346	13346	8.11	1474	11.04	1228	9.20
315	/data/program/meme-5.0.5/database/motif_databases/JASPAR/JASPAR2018_CORE_vertebrates_non-redundant.meme	MA0702.1	LMX1A	YTAATTAA	3.96e-7	2.25e-3	1.30e0	5690	13346	13346	13346	1.04	2909	21.80	2582	19.35
316	/data/program/meme-5.0.5/database/motif_databases/JASPAR/JASPAR2018_CORE_vertebrates_non-redundant.meme	MA0661.1	MEOX1	VSTAATTAHC	7.89e-7	3.60e-3	2.09e0	4574	13346	13346	13346	1.57	1545	11.58	1302	9.76
317	/data/program/meme-5.0.5/database/motif_databases/JASPAR/JASPAR2018_CORE_vertebrates_non-redundant.meme	MA0781.1	PAX9	CGTCACGCWTGASTGMM	5.55e-5	3.93e-3	2.28e0	71	13346	13346	13346	3.59	33	0.25	8	0.06
318	/data/program/meme-5.0.5/database/motif_databases/JASPAR/JASPAR2018_CORE_vertebrates_non-redundant.meme	MA0162.3	EGR1	HACGCCCACGCAHW	4.05e-5	5.41e-3	3.13e0	134	13346	13346	13346	1.34	83	0.62	39	0.29
319	/data/program/meme-5.0.5/database/motif_databases/JASPAR/JASPAR2018_CORE_vertebrates_non-redundant.meme	MA0907.1	HOXC13	BCTCGTAAAAH	6.76e-6	9.44e-3	5.46e0	1403	13346	13346	13346	10.5	147	1.10	81	0.61
320	/data/program/meme-5.0.5/database/motif_databases/JASPAR/JASPAR2018_CORE_vertebrates_non-redundant.meme	MA0906.1	HOXC12	RGTCGTAAAAH	1.21e-5	1.09e-2	6.31e0	902	13346	13346	13346	1.69	358	2.68	254	1.90
321	/data/program/meme-5.0.5/database/motif_databases/JASPAR/JASPAR2018_CORE_vertebrates_non-redundant.meme	MA0520.1	Stat6	BDBTTCCWSAGAAVY	3.32e-6	1.19e-2	6.87e0	3597	13346	13346	13346	4.42	999	7.49	813	6.09
322	/data/program/meme-5.0.5/database/motif_databases/JASPAR/JASPAR2018_CORE_vertebrates_non-redundant.meme	MA0723.1	VAX2	YTAATTAB	1.93e-6	1.36e-2	7.89e0	7100	13346	13346	13346	1.53	2094	15.69	1826	13.68
323	/data/program/meme-5.0.5/database/motif_databases/JASPAR/JASPAR2018_CORE_vertebrates_non-redundant.meme	MA0131.2	HINFP	CARCGTCCGCKN	1.57e-5	1.51e-2	8.73e0	969	13346	13346	13346	1.03	548	4.11	420	3.15

# AME (Analysis of Motif Enrichment): Version 5.0.5 compiled on May  7 2019 at 10:57:17
# The format of this file is described at http://meme-suite.org/doc/ame-output-format.html.
# ame -oc MEME-suite/AME/LOSS -control --shuffle-- -scoring avg -method fisher MEME-suite/fasta/LOSS.fasta /data/program/meme-5.0.5/database/motif_databases/JASPAR/JASPAR2018_CORE_vertebrates_non-redundant.meme
